created_time,message,id,object_link.connections.comments.message,object_link.connections.likes
2019-03-13T14:44:43+0000,"Vontade de pegar meus filhos e guarda dentro de uma caixinha, para proteger desse mundo cruelüíîüò≠
Eu n√£o tenho mais psic√≥logo pra suportar tamanha crueldade !!",2166359013459197_2166374353457663,Vanny Moraes vc est√° coberta de raz√£o.,Table
2019-03-13T14:44:43+0000,"Vontade de pegar meus filhos e guarda dentro de uma caixinha, para proteger desse mundo cruelüíîüò≠
Eu n√£o tenho mais psic√≥logo pra suportar tamanha crueldade !!",2166359013459197_2166374353457663,"Por isso que opto por n√£o ter filhos! Filhos podem at√© ser uma b√™n√ß√£o. Mas se acontece algo com meu filho, S√£o duas vidas que se iria, a minha e a dele.",Table
2019-03-13T14:44:43+0000,"Vontade de pegar meus filhos e guarda dentro de uma caixinha, para proteger desse mundo cruelüíîüò≠
Eu n√£o tenho mais psic√≥logo pra suportar tamanha crueldade !!",2166359013459197_2166374353457663,Vanny Moraes #tmj,Table
2019-03-13T14:44:43+0000,"Vontade de pegar meus filhos e guarda dentro de uma caixinha, para proteger desse mundo cruelüíîüò≠
Eu n√£o tenho mais psic√≥logo pra suportar tamanha crueldade !!",2166359013459197_2166374353457663,"Vanny Moraes , concordo com voc√™, eu tamb√©m penso assim.",Table
2019-03-13T14:44:43+0000,"Vontade de pegar meus filhos e guarda dentro de uma caixinha, para proteger desse mundo cruelüíîüò≠
Eu n√£o tenho mais psic√≥logo pra suportar tamanha crueldade !!",2166359013459197_2166374353457663,Tb queria poder fazer isso...se eu pudesse nem deixava meu filho sair de casaüò≠üò≠,Table
2019-03-13T14:44:43+0000,"Vontade de pegar meus filhos e guarda dentro de uma caixinha, para proteger desse mundo cruelüíîüò≠
Eu n√£o tenho mais psic√≥logo pra suportar tamanha crueldade !!",2166359013459197_2166374353457663,Junior Rodrigu√™s Deus o livre perder o meu filho..mas nao quero mais filho por causa disso ese tivesse pensado direito nao teria nenhum..violencia ta demais,Table
2019-03-13T14:44:43+0000,"Vontade de pegar meus filhos e guarda dentro de uma caixinha, para proteger desse mundo cruelüíîüò≠
Eu n√£o tenho mais psic√≥logo pra suportar tamanha crueldade !!",2166359013459197_2166374353457663,Vanny Moraes Verdade amiga. Tudo isso √© revoltante. Mais √© preciso acontecer essas coisas como a pr√≥pria B√≠blia nos revela. üò¢que Jesus volte e nos liberte dessas maldades que assolam o Brasil e o mundo.,Table
2019-03-13T15:22:02+0000,"voc√™s se lembram quando falamos diversas vezes que a posse de armas n√£o iria aumentar a seguran√ßa, sim colocar mais vidas em risco? ent√£o. exemplos como esse, que se assemelham de certa forma ao massacre de Columbine, infelizmente ser√£o mais comuns. 

for√ßa aos familiares nesse momento.",2166359013459197_2166421923452906,Celina Rodrigues vc se lembra quando tentaram colocar a pol√≠cia na escola vcs ficaram de mimimi cala tua boca hip√≥crita eram adolescentes defendidos pela esquerda as armas eram ilegais üò§,Table
2019-03-13T15:22:02+0000,"voc√™s se lembram quando falamos diversas vezes que a posse de armas n√£o iria aumentar a seguran√ßa, sim colocar mais vidas em risco? ent√£o. exemplos como esse, que se assemelham de certa forma ao massacre de Columbine, infelizmente ser√£o mais comuns. 

for√ßa aos familiares nesse momento.",2166359013459197_2166421923452906,Primeiro que eles nem tinham idade pra comprar arma. Isso n√£o tem nada haver quem quer cometer crime vai cometer de qualquer jeito. E se fosse um col√©gio militar duvido eles entrarem.,Table
2019-03-13T15:22:02+0000,"voc√™s se lembram quando falamos diversas vezes que a posse de armas n√£o iria aumentar a seguran√ßa, sim colocar mais vidas em risco? ent√£o. exemplos como esse, que se assemelham de certa forma ao massacre de Columbine, infelizmente ser√£o mais comuns. 

for√ßa aos familiares nesse momento.",2166359013459197_2166421923452906,"Aless√¥nia Pontes As pessoas precisan saber que arma s√≥ tem uma fun√ß√£o: matar. Mais armas, mais mortes !!!",Table
2019-03-13T15:22:02+0000,"voc√™s se lembram quando falamos diversas vezes que a posse de armas n√£o iria aumentar a seguran√ßa, sim colocar mais vidas em risco? ent√£o. exemplos como esse, que se assemelham de certa forma ao massacre de Columbine, infelizmente ser√£o mais comuns. 

for√ßa aos familiares nesse momento.",2166359013459197_2166421923452906,Kkkk acho e gra√ßa o povo querer acha um cristo pra culpa do Brasil esta assim gente acorda ningu√©m ainda comprou arma na verdade e mas facil matar um pai de fam√≠lia que serve a pol√≠cia e roubar uma arma que comprar acorda povooooooooooo,Table
2019-03-13T15:22:02+0000,"voc√™s se lembram quando falamos diversas vezes que a posse de armas n√£o iria aumentar a seguran√ßa, sim colocar mais vidas em risco? ent√£o. exemplos como esse, que se assemelham de certa forma ao massacre de Columbine, infelizmente ser√£o mais comuns. 

for√ßa aos familiares nesse momento.",2166359013459197_2166421923452906,Arma n√£o mata.. o que mata s√£o as pessoas ü§∑üèª‚Äç‚ôÇÔ∏è,Table
2019-03-13T15:22:02+0000,"voc√™s se lembram quando falamos diversas vezes que a posse de armas n√£o iria aumentar a seguran√ßa, sim colocar mais vidas em risco? ent√£o. exemplos como esse, que se assemelham de certa forma ao massacre de Columbine, infelizmente ser√£o mais comuns. 

for√ßa aos familiares nesse momento.",2166359013459197_2166421923452906,"Muito vago esse pensamento de que amar s√≥ tem a fun√ß√£o de matar, sim armas matam por√©m temos que ressaltar que assim como serve pro agressor tamb√©m serve para quem pode se defender e defender a outros, se tivesse uma pessoa armada fazendo a seguran√ßa da escola isso poderia ter sido evitado.",Table
2019-03-13T15:22:02+0000,"voc√™s se lembram quando falamos diversas vezes que a posse de armas n√£o iria aumentar a seguran√ßa, sim colocar mais vidas em risco? ent√£o. exemplos como esse, que se assemelham de certa forma ao massacre de Columbine, infelizmente ser√£o mais comuns. 

for√ßa aos familiares nesse momento.",2166359013459197_2166421923452906,"O massacre de realengo no rio matou bem mais em 2011, e o estatuto do desarmamento n√£o ajudou.",Table
2019-03-13T15:22:02+0000,"voc√™s se lembram quando falamos diversas vezes que a posse de armas n√£o iria aumentar a seguran√ßa, sim colocar mais vidas em risco? ent√£o. exemplos como esse, que se assemelham de certa forma ao massacre de Columbine, infelizmente ser√£o mais comuns. 

for√ßa aos familiares nesse momento.",2166359013459197_2166421923452906,Celina Rodrigues finalmente um coment√°rio coerente e realista üëèüëèüëèüëè,Table
2019-03-13T15:22:02+0000,"voc√™s se lembram quando falamos diversas vezes que a posse de armas n√£o iria aumentar a seguran√ßa, sim colocar mais vidas em risco? ent√£o. exemplos como esse, que se assemelham de certa forma ao massacre de Columbine, infelizmente ser√£o mais comuns. 

for√ßa aos familiares nesse momento.",2166359013459197_2166421923452906,Olecram Arumik disse tudo üëèüëè,Table
2019-03-13T15:22:02+0000,"voc√™s se lembram quando falamos diversas vezes que a posse de armas n√£o iria aumentar a seguran√ßa, sim colocar mais vidas em risco? ent√£o. exemplos como esse, que se assemelham de certa forma ao massacre de Columbine, infelizmente ser√£o mais comuns. 

for√ßa aos familiares nesse momento.",2166359013459197_2166421923452906,at√© porque esses assassinos gastaram com armas legalizadas mesmo....,Table
2019-03-13T15:22:02+0000,"voc√™s se lembram quando falamos diversas vezes que a posse de armas n√£o iria aumentar a seguran√ßa, sim colocar mais vidas em risco? ent√£o. exemplos como esse, que se assemelham de certa forma ao massacre de Columbine, infelizmente ser√£o mais comuns. 

for√ßa aos familiares nesse momento.",2166359013459197_2166421923452906,"S√≥ quero ver o que o nosso ""dign√≠ssimo"" Presidente tem a falar sobre isso!",Table
2019-03-13T15:22:02+0000,"voc√™s se lembram quando falamos diversas vezes que a posse de armas n√£o iria aumentar a seguran√ßa, sim colocar mais vidas em risco? ent√£o. exemplos como esse, que se assemelham de certa forma ao massacre de Columbine, infelizmente ser√£o mais comuns. 

for√ßa aos familiares nesse momento.",2166359013459197_2166421923452906,Esquerda tentando capitalizar em cima de trag√©dia? Nenhuma novidade.,Table
2019-03-13T15:22:02+0000,"voc√™s se lembram quando falamos diversas vezes que a posse de armas n√£o iria aumentar a seguran√ßa, sim colocar mais vidas em risco? ent√£o. exemplos como esse, que se assemelham de certa forma ao massacre de Columbine, infelizmente ser√£o mais comuns. 

for√ßa aos familiares nesse momento.",2166359013459197_2166421923452906,Santa burrice,Table
2019-03-13T15:22:02+0000,"voc√™s se lembram quando falamos diversas vezes que a posse de armas n√£o iria aumentar a seguran√ßa, sim colocar mais vidas em risco? ent√£o. exemplos como esse, que se assemelham de certa forma ao massacre de Columbine, infelizmente ser√£o mais comuns. 

for√ßa aos familiares nesse momento.",2166359013459197_2166421923452906,A arma n√£o precisa ser legalizada pra matar algu√©m....,Table
2019-03-13T15:22:02+0000,"voc√™s se lembram quando falamos diversas vezes que a posse de armas n√£o iria aumentar a seguran√ßa, sim colocar mais vidas em risco? ent√£o. exemplos como esse, que se assemelham de certa forma ao massacre de Columbine, infelizmente ser√£o mais comuns. 

for√ßa aos familiares nesse momento.",2166359013459197_2166421923452906,J√° est√° liberando porte e a POSSE de arma de fogo pra crian√ßas? .,Table
2019-03-13T15:22:02+0000,"voc√™s se lembram quando falamos diversas vezes que a posse de armas n√£o iria aumentar a seguran√ßa, sim colocar mais vidas em risco? ent√£o. exemplos como esse, que se assemelham de certa forma ao massacre de Columbine, infelizmente ser√£o mais comuns. 

for√ßa aos familiares nesse momento.",2166359013459197_2166421923452906,"A posse de arma foi pra adultos esses se quiserem ter uma em casa ,e de forma ilegal, e mas facil conseguir uma. Isso e responsabilidades dos pais at√© por que eles n√£o estavam s√≥ com arma de fogo tinham outros armamento. Se isso n√£o tiver haver com mas um jogo de videogame eu duvido muito",Table
2019-03-13T15:22:02+0000,"voc√™s se lembram quando falamos diversas vezes que a posse de armas n√£o iria aumentar a seguran√ßa, sim colocar mais vidas em risco? ent√£o. exemplos como esse, que se assemelham de certa forma ao massacre de Columbine, infelizmente ser√£o mais comuns. 

for√ßa aos familiares nesse momento.",2166359013459197_2166421923452906,"Posse de arma pra crian√ßa?
Superou n√© filha.
Passa vergonha n√£o, apaga",Table
2019-03-13T15:22:02+0000,"voc√™s se lembram quando falamos diversas vezes que a posse de armas n√£o iria aumentar a seguran√ßa, sim colocar mais vidas em risco? ent√£o. exemplos como esse, que se assemelham de certa forma ao massacre de Columbine, infelizmente ser√£o mais comuns. 

for√ßa aos familiares nesse momento.",2166359013459197_2166421923452906,"Agora vao culpar uma atrocidade desta a dois Doentes Mentais. Por causa do Estatuto, nao podemos esquecer, que Pistolas e Rev√≥lveres, nao matam sozinhas, o que a transformam em Armas, sao as pessoas que as Empunham, pois se formos usar ao p√© da Letra o Autom√≥vel mata muito mais no Brasil que Rev√≥lveres e nem por isto sao considerados Armas.",Table
2019-03-13T15:22:02+0000,"voc√™s se lembram quando falamos diversas vezes que a posse de armas n√£o iria aumentar a seguran√ßa, sim colocar mais vidas em risco? ent√£o. exemplos como esse, que se assemelham de certa forma ao massacre de Columbine, infelizmente ser√£o mais comuns. 

for√ßa aos familiares nesse momento.",2166359013459197_2166421923452906,"Celina Rodrigues quando h√° dificuldade de interpretar o que dizemos n√£o devemos nos dar o trabalho de explicar inumeras vezes , deixe as pessoas lerem qtas vzs for necess√°rio pra entender o que voc√™ quer dizer ! At√© pq algumas pessoas preferem deturpar em vez de compreender !",Table
2019-03-13T15:22:02+0000,"voc√™s se lembram quando falamos diversas vezes que a posse de armas n√£o iria aumentar a seguran√ßa, sim colocar mais vidas em risco? ent√£o. exemplos como esse, que se assemelham de certa forma ao massacre de Columbine, infelizmente ser√£o mais comuns. 

for√ßa aos familiares nesse momento.",2166359013459197_2166421923452906,"Mas que atrelamento rid√≠culo...
Politizando morte de crian√ßas...
A arma que pode matar tem mais barato e de mais f√°cil acesso no mercado negro... N√£o precisa ser t√£o ignorante √∫til ou est√∫pido a ponto de saber associar os crimes ao porte de armas...",Table
2019-03-13T15:22:02+0000,"voc√™s se lembram quando falamos diversas vezes que a posse de armas n√£o iria aumentar a seguran√ßa, sim colocar mais vidas em risco? ent√£o. exemplos como esse, que se assemelham de certa forma ao massacre de Columbine, infelizmente ser√£o mais comuns. 

for√ßa aos familiares nesse momento.",2166359013459197_2166421923452906,Muito parecido com o massacre de Columbine,Table
2019-03-13T15:22:02+0000,"voc√™s se lembram quando falamos diversas vezes que a posse de armas n√£o iria aumentar a seguran√ßa, sim colocar mais vidas em risco? ent√£o. exemplos como esse, que se assemelham de certa forma ao massacre de Columbine, infelizmente ser√£o mais comuns. 

for√ßa aos familiares nesse momento.",2166359013459197_2166421923452906,"Henoiza Guimar√£es vamos orar pelas v√≠timas , pelas fam√≠lias, por todos sem exce√ß√£o, principalmente pelos debochados de plant√£o !",Table
2019-03-13T15:22:02+0000,"voc√™s se lembram quando falamos diversas vezes que a posse de armas n√£o iria aumentar a seguran√ßa, sim colocar mais vidas em risco? ent√£o. exemplos como esse, que se assemelham de certa forma ao massacre de Columbine, infelizmente ser√£o mais comuns. 

for√ßa aos familiares nesse momento.",2166359013459197_2166421923452906,"Celina Rodrigues nada porque ele n√£o mandou garotos psicopatas matarem ningu√©m, porque n√£o foi s√≥ com arma , foi com arco e flecha tamb√©m E a√≠ a cupa e dos √≠ndios agora , coment√°rio sem no√ß√£o",Table
2019-03-13T15:22:02+0000,"voc√™s se lembram quando falamos diversas vezes que a posse de armas n√£o iria aumentar a seguran√ßa, sim colocar mais vidas em risco? ent√£o. exemplos como esse, que se assemelham de certa forma ao massacre de Columbine, infelizmente ser√£o mais comuns. 

for√ßa aos familiares nesse momento.",2166359013459197_2166421923452906,qualquer um consegue uma arma hoje em dia n√©. G√äNIO,Table
2019-03-13T15:22:02+0000,"voc√™s se lembram quando falamos diversas vezes que a posse de armas n√£o iria aumentar a seguran√ßa, sim colocar mais vidas em risco? ent√£o. exemplos como esse, que se assemelham de certa forma ao massacre de Columbine, infelizmente ser√£o mais comuns. 

for√ßa aos familiares nesse momento.",2166359013459197_2166421923452906,"Celina Rodrigues Se √© pra ti fala insanidade , fica calada ! Os √∫nicos respons√°veis por essas trag√©dias no pa√≠s, foram vcs que deram asas pra esses comunistas energ√∫menos fazerem isso com nosso pa√≠s, "" Tolos !"" Criaram n√£o s√≥ inseguran√ßas, mas divis√µes de classes.",Table
2019-03-13T15:22:02+0000,"voc√™s se lembram quando falamos diversas vezes que a posse de armas n√£o iria aumentar a seguran√ßa, sim colocar mais vidas em risco? ent√£o. exemplos como esse, que se assemelham de certa forma ao massacre de Columbine, infelizmente ser√£o mais comuns. 

for√ßa aos familiares nesse momento.",2166359013459197_2166421923452906,Tanto faz legalizar ou n√£o eles sempre conseguem quando querem armas ..... √© muito triste tudo isso oremos por todos,Table
2019-03-13T15:22:02+0000,"voc√™s se lembram quando falamos diversas vezes que a posse de armas n√£o iria aumentar a seguran√ßa, sim colocar mais vidas em risco? ent√£o. exemplos como esse, que se assemelham de certa forma ao massacre de Columbine, infelizmente ser√£o mais comuns. 

for√ßa aos familiares nesse momento.",2166359013459197_2166421923452906,"Isso nao tem nada haver con legaliza√ß√£o de armas,ou por acaso acham que eles foram comprar essas armas num loja legalizada",Table
2019-03-13T15:22:02+0000,"voc√™s se lembram quando falamos diversas vezes que a posse de armas n√£o iria aumentar a seguran√ßa, sim colocar mais vidas em risco? ent√£o. exemplos como esse, que se assemelham de certa forma ao massacre de Columbine, infelizmente ser√£o mais comuns. 

for√ßa aos familiares nesse momento.",2166359013459197_2166421923452906,S√≥ li üí©ü§Æ,Table
2019-03-13T15:22:02+0000,"voc√™s se lembram quando falamos diversas vezes que a posse de armas n√£o iria aumentar a seguran√ßa, sim colocar mais vidas em risco? ent√£o. exemplos como esse, que se assemelham de certa forma ao massacre de Columbine, infelizmente ser√£o mais comuns. 

for√ßa aos familiares nesse momento.",2166359013459197_2166421923452906,"Engra√ßado que em 2011 no ataque a escola de Realengo o Brasil tava sob lei do desarmamento, ser√° pq n√£o deu certo?",Table
2019-03-13T15:22:02+0000,"voc√™s se lembram quando falamos diversas vezes que a posse de armas n√£o iria aumentar a seguran√ßa, sim colocar mais vidas em risco? ent√£o. exemplos como esse, que se assemelham de certa forma ao massacre de Columbine, infelizmente ser√£o mais comuns. 

for√ßa aos familiares nesse momento.",2166359013459197_2166421923452906,"Bem vindos ao modelo americano de viver, onde armas s√£o liberadas e a barb√°rie tamb√©m,faz arminha seu presidente üòéüëâ Bostonaro",Table
2019-03-13T15:22:02+0000,"voc√™s se lembram quando falamos diversas vezes que a posse de armas n√£o iria aumentar a seguran√ßa, sim colocar mais vidas em risco? ent√£o. exemplos como esse, que se assemelham de certa forma ao massacre de Columbine, infelizmente ser√£o mais comuns. 

for√ßa aos familiares nesse momento.",2166359013459197_2166421923452906,"Se houvesse algum policial armado l√° o desfecho seria outro, em Realengo s√≥ n√£o morreram mais crian√ßas por causa do policial que interviu e matou o bandido.",Table
2019-03-13T15:22:02+0000,"voc√™s se lembram quando falamos diversas vezes que a posse de armas n√£o iria aumentar a seguran√ßa, sim colocar mais vidas em risco? ent√£o. exemplos como esse, que se assemelham de certa forma ao massacre de Columbine, infelizmente ser√£o mais comuns. 

for√ßa aos familiares nesse momento.",2166359013459197_2166421923452906,Tnc idiota,Table
2019-03-13T15:22:02+0000,"voc√™s se lembram quando falamos diversas vezes que a posse de armas n√£o iria aumentar a seguran√ßa, sim colocar mais vidas em risco? ent√£o. exemplos como esse, que se assemelham de certa forma ao massacre de Columbine, infelizmente ser√£o mais comuns. 

for√ßa aos familiares nesse momento.",2166359013459197_2166421923452906,"O modelo americano onde as armas s√£o liberadas, com uma popula√ß√£o de quase o dobro da nossa, e com o n√∫mero de homic√≠dios abaixo dos 20 mil. Aqui no Brasil com a pol√≠tica do desarmamento temos 3 vezes mais homic√≠dios, se informe, colega.",Table
2019-03-13T15:22:02+0000,"voc√™s se lembram quando falamos diversas vezes que a posse de armas n√£o iria aumentar a seguran√ßa, sim colocar mais vidas em risco? ent√£o. exemplos como esse, que se assemelham de certa forma ao massacre de Columbine, infelizmente ser√£o mais comuns. 

for√ßa aos familiares nesse momento.",2166359013459197_2166421923452906,"Se tivesse um adulto armado dentro da escola.
Essa trag√©dia n√£o teria acontecido.!!",Table
2019-03-13T15:22:02+0000,"voc√™s se lembram quando falamos diversas vezes que a posse de armas n√£o iria aumentar a seguran√ßa, sim colocar mais vidas em risco? ent√£o. exemplos como esse, que se assemelham de certa forma ao massacre de Columbine, infelizmente ser√£o mais comuns. 

for√ßa aos familiares nesse momento.",2166359013459197_2166421923452906,Penso que se tivesse algum seguran√ßa armado a reposta seria r√°pida mas em fim cad√™ qual pensa como quiser,Table
2019-03-13T15:22:02+0000,"voc√™s se lembram quando falamos diversas vezes que a posse de armas n√£o iria aumentar a seguran√ßa, sim colocar mais vidas em risco? ent√£o. exemplos como esse, que se assemelham de certa forma ao massacre de Columbine, infelizmente ser√£o mais comuns. 

for√ßa aos familiares nesse momento.",2166359013459197_2166421923452906,Celina Rodrigues deixa de ser burra esquerdista,Table
2019-03-13T15:22:02+0000,"voc√™s se lembram quando falamos diversas vezes que a posse de armas n√£o iria aumentar a seguran√ßa, sim colocar mais vidas em risco? ent√£o. exemplos como esse, que se assemelham de certa forma ao massacre de Columbine, infelizmente ser√£o mais comuns. 

for√ßa aos familiares nesse momento.",2166359013459197_2166421923452906,Lucio Cid mas l√° nos Estados Unidos sempre acontece isso.,Table
2019-03-13T15:22:02+0000,"voc√™s se lembram quando falamos diversas vezes que a posse de armas n√£o iria aumentar a seguran√ßa, sim colocar mais vidas em risco? ent√£o. exemplos como esse, que se assemelham de certa forma ao massacre de Columbine, infelizmente ser√£o mais comuns. 

for√ßa aos familiares nesse momento.",2166359013459197_2166421923452906,"Muitos dizendo ""mas a responsabilidade √© dos pais que t√™m o porte"", sim √©. Mas vai l√° falar isso pros pais dos jovens mortos hoje. Vai l√° e fala dos Estados Unidos. Compara com o Brasil (que ainda √© pa√≠s atrasado, sobretudo em educa√ß√£o). Vai l√° e confessa que botar uma arma letal nas m√£os do ""respons√°vel maior de idade"" foi o suficiente pra evitar que os filhos deles morressem com um tiro no peito ou no meio da testa. Vai l√°, vai.",Table
2019-03-13T15:22:02+0000,"voc√™s se lembram quando falamos diversas vezes que a posse de armas n√£o iria aumentar a seguran√ßa, sim colocar mais vidas em risco? ent√£o. exemplos como esse, que se assemelham de certa forma ao massacre de Columbine, infelizmente ser√£o mais comuns. 

for√ßa aos familiares nesse momento.",2166359013459197_2166421923452906,Souza Gomes üëèüëèüëèüëèüëèüëè,Table
2019-03-13T14:41:12+0000,Esses moleque passa o dia inteiro s√≥ jogando video game a√≠ no que d√° mas aqui no Brasil de menor trabalhar e crime.,2166359013459197_2166370420124723,Verdade,Table
2019-03-13T14:41:12+0000,Esses moleque passa o dia inteiro s√≥ jogando video game a√≠ no que d√° mas aqui no Brasil de menor trabalhar e crime.,2166359013459197_2166370420124723,Nada a ver.,Table
2019-03-13T14:41:12+0000,Esses moleque passa o dia inteiro s√≥ jogando video game a√≠ no que d√° mas aqui no Brasil de menor trabalhar e crime.,2166359013459197_2166370420124723,"Lee Eun-Hye ent√£o e muita maconha na mente por que um ser humano fazer isso,o eles s√£o anjos.",Table
2019-03-13T14:41:12+0000,Esses moleque passa o dia inteiro s√≥ jogando video game a√≠ no que d√° mas aqui no Brasil de menor trabalhar e crime.,2166359013459197_2166370420124723,"Crian√ßa trabalhando e crime , crian√ßa matando e roubando e v√≠tima!!",Table
2019-03-13T14:41:12+0000,Esses moleque passa o dia inteiro s√≥ jogando video game a√≠ no que d√° mas aqui no Brasil de menor trabalhar e crime.,2166359013459197_2166370420124723,Vdd.,Table
2019-03-13T14:41:12+0000,Esses moleque passa o dia inteiro s√≥ jogando video game a√≠ no que d√° mas aqui no Brasil de menor trabalhar e crime.,2166359013459197_2166370420124723,"Elizeu Paixao para de defecar pelos dedos . N√£o √© o v√≠deo game que faz uma pessoa ter esse dist√∫rbio. E ‚Äúdemenor‚Äù trabalhar no Brasil n√£o √© crime, est√° a√≠ o programa ‚Äújovem aprendiz‚Äù se informe melhor.",Table
2019-03-13T14:41:12+0000,Esses moleque passa o dia inteiro s√≥ jogando video game a√≠ no que d√° mas aqui no Brasil de menor trabalhar e crime.,2166359013459197_2166370420124723,"Elizeu Paixao para de defecar pelos dedos . N√£o √© o v√≠deo game que faz uma pessoa ter esse dist√∫rbio. E ‚Äúdemenor‚Äù trabalhar no Brasil n√£o √© crime, est√° a√≠ o programa ‚Äújovem aprendiz‚Äù se informe melhor.",Table
2019-03-13T14:41:12+0000,Esses moleque passa o dia inteiro s√≥ jogando video game a√≠ no que d√° mas aqui no Brasil de menor trabalhar e crime.,2166359013459197_2166370420124723,"Ficam jogando, pq os pais deixam. O que falta √© a fam√≠lia educar, ter o controle da situa√ß√£o, as crian√ßas de hoje mandam nos pais, n√£o tem regras e nem limites, a√≠ da nisso. Onde que eu deixaria meu filho ficar o dia jogando videogame e ainda por cima jogos de viol√™ncia, onde tem armas.",Table
2019-03-13T14:41:12+0000,Esses moleque passa o dia inteiro s√≥ jogando video game a√≠ no que d√° mas aqui no Brasil de menor trabalhar e crime.,2166359013459197_2166370420124723,"Ah pronto, a culpa agora √© do v√≠deo game? Vcs culpam o GTA SanAndreas por terem prostitutas no mundo tbm?",Table
2019-03-13T14:41:12+0000,Esses moleque passa o dia inteiro s√≥ jogando video game a√≠ no que d√° mas aqui no Brasil de menor trabalhar e crime.,2166359013459197_2166370420124723,"Ent√£o j√° era pra eu ter virado um psicopata nato, pq eu jogava e ainda jogo n√£o √© brincadeira.",Table
2019-03-13T14:41:12+0000,Esses moleque passa o dia inteiro s√≥ jogando video game a√≠ no que d√° mas aqui no Brasil de menor trabalhar e crime.,2166359013459197_2166370420124723,Junior Rodrigu√™s √© kd pensamento que eu vou te dizer em...ü§£ü§£ü§£,Table
2019-03-13T14:41:12+0000,Esses moleque passa o dia inteiro s√≥ jogando video game a√≠ no que d√° mas aqui no Brasil de menor trabalhar e crime.,2166359013459197_2166370420124723,Elizeu Paixao n√£o comenta sobre o que voc√™ n√£o entende cara.,Table
2019-03-13T14:41:12+0000,Esses moleque passa o dia inteiro s√≥ jogando video game a√≠ no que d√° mas aqui no Brasil de menor trabalhar e crime.,2166359013459197_2166370420124723,Elizeu Paixao vdd tamb√©m acho que tem haver com isso estavam usando at√© arco e flecha.,Table
2019-03-13T14:41:12+0000,Esses moleque passa o dia inteiro s√≥ jogando video game a√≠ no que d√° mas aqui no Brasil de menor trabalhar e crime.,2166359013459197_2166370420124723,Acho a pura verdade,Table
2019-03-13T14:41:12+0000,Esses moleque passa o dia inteiro s√≥ jogando video game a√≠ no que d√° mas aqui no Brasil de menor trabalhar e crime.,2166359013459197_2166370420124723,Elna Gusm√£o everdade,Table
2019-03-13T14:41:12+0000,Esses moleque passa o dia inteiro s√≥ jogando video game a√≠ no que d√° mas aqui no Brasil de menor trabalhar e crime.,2166359013459197_2166370420124723,Tem nada haver com jogo !,Table
2019-03-13T14:41:12+0000,Esses moleque passa o dia inteiro s√≥ jogando video game a√≠ no que d√° mas aqui no Brasil de menor trabalhar e crime.,2166359013459197_2166370420124723,Parem de ta tirando conclus√£o precipitadas,Table
2019-03-13T14:41:12+0000,Esses moleque passa o dia inteiro s√≥ jogando video game a√≠ no que d√° mas aqui no Brasil de menor trabalhar e crime.,2166359013459197_2166370420124723,O diretor da escola disse que supostamente um dos envolvidos sofria bullying!,Table
2019-03-13T14:41:12+0000,Esses moleque passa o dia inteiro s√≥ jogando video game a√≠ no que d√° mas aqui no Brasil de menor trabalhar e crime.,2166359013459197_2166370420124723,Ningu√©m sabe o pensamento de cada ser humano !,Table
2019-03-13T14:41:12+0000,Esses moleque passa o dia inteiro s√≥ jogando video game a√≠ no que d√° mas aqui no Brasil de menor trabalhar e crime.,2166359013459197_2166370420124723,Meu Deus do c√©u... J√° tem estudos comprovados que jogos n√£o tem nada a ver com casos desse tipo,Table
2019-03-13T14:41:12+0000,Esses moleque passa o dia inteiro s√≥ jogando video game a√≠ no que d√° mas aqui no Brasil de menor trabalhar e crime.,2166359013459197_2166370420124723,Que coment√°rio idiota mano! üòÇ Apaga que d√° tempo!,Table
2019-03-13T14:41:12+0000,Esses moleque passa o dia inteiro s√≥ jogando video game a√≠ no que d√° mas aqui no Brasil de menor trabalhar e crime.,2166359013459197_2166370420124723,Marcos Sampaio na Record no cidade alerta fala que a pol√≠cia apreendeu um v√≠deo game na casa deles.,Table
2019-03-13T14:41:12+0000,Esses moleque passa o dia inteiro s√≥ jogando video game a√≠ no que d√° mas aqui no Brasil de menor trabalhar e crime.,2166359013459197_2166370420124723,Elizeu foi o que pensei assim que comecei ver as reportagem,Table
2019-03-13T14:41:12+0000,Esses moleque passa o dia inteiro s√≥ jogando video game a√≠ no que d√° mas aqui no Brasil de menor trabalhar e crime.,2166359013459197_2166370420124723,"Gabriel Giordana qdo √° pessoa tem uma mente s√£ tdo bem , mas qdo tem uma mente diab√≥lica como esses caras meu Deus miseric√≥rdia...üò±üò±",Table
2019-03-13T15:08:03+0000,Que tristeza! Armas n√£o √© solu√ß√£o pros problemas do nosso pa√≠s.,2166359013459197_2166405120121253,Eliton Andrade sabe se essas armas eram legalizadas?,Table
2019-03-13T15:08:03+0000,Que tristeza! Armas n√£o √© solu√ß√£o pros problemas do nosso pa√≠s.,2166359013459197_2166405120121253,"Natan Moraes um adolescente sem no√ß√£o pode muito bem pegar a arma legalizada de seu pai, e cometer trag√©dias como essa.",Table
2019-03-13T15:08:03+0000,Que tristeza! Armas n√£o √© solu√ß√£o pros problemas do nosso pa√≠s.,2166359013459197_2166405120121253,"Eliton Andrade a√≠ quer dizer que um pai vai comprar uma arma e dizer pro seu filho? ""Olha filho, essa arma que eu comprei, legal, n√©?! √â bem aqui q eu vou guardar, se lembra, hein?!""",Table
2019-03-13T15:08:03+0000,Que tristeza! Armas n√£o √© solu√ß√£o pros problemas do nosso pa√≠s.,2166359013459197_2166405120121253,"No EUA quase todo ano acontece esse tipo de trag√©dia nas escolas, um adulto mata varias pessoas com uma arma legalizada. E a√≠?",Table
2019-03-13T15:08:03+0000,Que tristeza! Armas n√£o √© solu√ß√£o pros problemas do nosso pa√≠s.,2166359013459197_2166405120121253,Marcelo Cavalheiros vc acha que ele precisa dizer? Fa√ßa-me o favor ü§∑üèª‚Äç‚ôÇÔ∏è,Table
2019-03-13T15:08:03+0000,Que tristeza! Armas n√£o √© solu√ß√£o pros problemas do nosso pa√≠s.,2166359013459197_2166405120121253,√â muita ingenuidade achar que s√≥ porque o pai n√£o falou o filho n√£o √© capaz de achar uma arma em casa. O que mais tem por a√≠ √© caso de crian√ßa que morreu acidentalmente pq achou a arma do pai em casa.,Table
2019-03-13T15:08:03+0000,Que tristeza! Armas n√£o √© solu√ß√£o pros problemas do nosso pa√≠s.,2166359013459197_2166405120121253,"Wellington Ruan acho que alguns brasileiros precisam acordar, pq acho que est√£o no pa√≠s das maravilhas. ü§¶üèª‚Äç‚ôÇÔ∏è",Table
2019-03-13T15:08:03+0000,Que tristeza! Armas n√£o √© solu√ß√£o pros problemas do nosso pa√≠s.,2166359013459197_2166405120121253,"Eliton Andrade s√≥ lembrando que n√£o √© a primeira vez que acontece esse fato , j√° existia essa situa√ß√£o no antigo governo.",Table
2019-03-13T15:08:03+0000,Que tristeza! Armas n√£o √© solu√ß√£o pros problemas do nosso pa√≠s.,2166359013459197_2166405120121253,"Souza Gomes n√£o tem nada, mudou alguma coisa com a flexibilidade? Pq trocar meia d√∫zia por doze n√£o faz diferen√ßa.",Table
2019-03-13T15:08:03+0000,Que tristeza! Armas n√£o √© solu√ß√£o pros problemas do nosso pa√≠s.,2166359013459197_2166405120121253,"Souza Gomes eu quis dizer que, n√£o mudou nada com a flexibilidade das armas! Na verdade s√≥ fez piorar. E sabemos que os as propostas do atual governo desde de sua campanha n√£o eram boas, se ele tivesse feito um plano de seguran√ßa melhor evitaria muita coisa. Mas a √∫nica coisa que tinha em sua campanha sobre a seguran√ßa era a ""libera√ß√£o"" das armas.",Table
2019-03-13T15:08:03+0000,Que tristeza! Armas n√£o √© solu√ß√£o pros problemas do nosso pa√≠s.,2166359013459197_2166405120121253,Rafael Lima agora vem me dizer que √© culpa do PT? Que governo quer flexibilizar o porte de armas?,Table
2019-03-13T15:08:03+0000,Que tristeza! Armas n√£o √© solu√ß√£o pros problemas do nosso pa√≠s.,2166359013459197_2166405120121253,"Souza Gomes piorou ou ficou na mesma. Melhorou alguma coisa com a flexibiliza√ß√£o? Como eu disse, se ele tivesse um plano de governo descente n√£o teria perdido tempo com a flexibiliza√ß√£o, j√° teria colocado seu plano de governo em a√ß√£o mas colo ele n√£o tinha/tem nenhum plano o jeito foi flexibilizar algo que j√° √© lei s√≥ pra amaciar o ego do povo que votou nele. Ele deveria ter pensado em pontos estrat√©gicos e n√£o tapar o sol com a peneira, como o antigo governo fez. Nera governo novo?",Table
2019-03-13T15:08:03+0000,Que tristeza! Armas n√£o √© solu√ß√£o pros problemas do nosso pa√≠s.,2166359013459197_2166405120121253,Souza Gomes e o atual governo j√° tem tr√™s meses,Table
2019-03-13T15:08:03+0000,Que tristeza! Armas n√£o √© solu√ß√£o pros problemas do nosso pa√≠s.,2166359013459197_2166405120121253,"Carai, isso que falaram em 2011 na chacina do col√©gio em Realengo",Table
2019-03-13T15:08:03+0000,Que tristeza! Armas n√£o √© solu√ß√£o pros problemas do nosso pa√≠s.,2166359013459197_2166405120121253,Souza Gomes ponto de vista ideologia? Aonde voc√™ est√° vendo isso?,Table
2019-03-13T15:08:03+0000,Que tristeza! Armas n√£o √© solu√ß√£o pros problemas do nosso pa√≠s.,2166359013459197_2166405120121253,Souza Gomes t√° rindo pq ainda n√£o conseguiu fazer interpreta√ß√£o de texto descente?! Hahahahhahahahha,Table
2019-03-13T15:10:52+0000,"Ao inv√©s de ficarem criticando posse, porte e o raio que o parta de armas.. pq n√£o dobram os vossos joelhos e orem pelas crian√ßas atingidas nessa triste trag√©dia... 
Que Deus tenha miseric√≥rdia! üôè
#Paz",2166359013459197_2166408603454238,Mariane Paes uma coisa n√£o anula a outra!,Table
2019-03-13T15:10:52+0000,"Ao inv√©s de ficarem criticando posse, porte e o raio que o parta de armas.. pq n√£o dobram os vossos joelhos e orem pelas crian√ßas atingidas nessa triste trag√©dia... 
Que Deus tenha miseric√≥rdia! üôè
#Paz",2166359013459197_2166408603454238,"Mariane Paes porque eles morreram, triste e tragicamente, pela posse e porte de arma de fogo. S√≥ por isso.",Table
2019-03-13T15:10:52+0000,"Ao inv√©s de ficarem criticando posse, porte e o raio que o parta de armas.. pq n√£o dobram os vossos joelhos e orem pelas crian√ßas atingidas nessa triste trag√©dia... 
Que Deus tenha miseric√≥rdia! üôè
#Paz",2166359013459197_2166408603454238,"Isso √© reflexo do est√≠mulo dado nas campanhas eleitorais. Vamos orar, sim, para que as pr√≥ximas v√≠timas n√£o sejam nossos parentes.",Table
2019-03-13T15:10:52+0000,"Ao inv√©s de ficarem criticando posse, porte e o raio que o parta de armas.. pq n√£o dobram os vossos joelhos e orem pelas crian√ßas atingidas nessa triste trag√©dia... 
Que Deus tenha miseric√≥rdia! üôè
#Paz",2166359013459197_2166408603454238,"Mariane Paes orar pelas almas que se foram √© bom para que tenha tranquilidade, mais criticar e protesta contra o armamento talvez, que fique bem claro TALVEZ ajude evitar que isso possa acontecer tantas vezes de novo",Table
2019-03-13T15:10:52+0000,"Ao inv√©s de ficarem criticando posse, porte e o raio que o parta de armas.. pq n√£o dobram os vossos joelhos e orem pelas crian√ßas atingidas nessa triste trag√©dia... 
Que Deus tenha miseric√≥rdia! üôè
#Paz",2166359013459197_2166408603454238,Verdade,Table
2019-03-13T15:10:52+0000,"Ao inv√©s de ficarem criticando posse, porte e o raio que o parta de armas.. pq n√£o dobram os vossos joelhos e orem pelas crian√ßas atingidas nessa triste trag√©dia... 
Que Deus tenha miseric√≥rdia! üôè
#Paz",2166359013459197_2166408603454238,"Mariane Paes s√≥ Deus mesmo no controle, j√° est√° demais essas barbaridades üò•üò•",Table
2019-03-13T15:10:52+0000,"Ao inv√©s de ficarem criticando posse, porte e o raio que o parta de armas.. pq n√£o dobram os vossos joelhos e orem pelas crian√ßas atingidas nessa triste trag√©dia... 
Que Deus tenha miseric√≥rdia! üôè
#Paz",2166359013459197_2166408603454238,"Temos que criticar porte e posse de arma, sim!! Esse tipo de coisa s√≥ estimula e possibilita ainda mais a viol√™ncia! Ter arma em casa n√£o tr√°s seguran√ßa a ngm! A libera√ß√£o assinada, foi irresponsabilidade! Essas vidas todas poderiam ter sido poupadas dessa trag√©dia!!",Table
2019-03-13T15:10:52+0000,"Ao inv√©s de ficarem criticando posse, porte e o raio que o parta de armas.. pq n√£o dobram os vossos joelhos e orem pelas crian√ßas atingidas nessa triste trag√©dia... 
Que Deus tenha miseric√≥rdia! üôè
#Paz",2166359013459197_2166408603454238,"Orar ou rezar por pessoas que ja morreram n√£o adianta de nada.
Leiam a biblia e saibam a vdd",Table
2019-03-13T15:10:52+0000,"Ao inv√©s de ficarem criticando posse, porte e o raio que o parta de armas.. pq n√£o dobram os vossos joelhos e orem pelas crian√ßas atingidas nessa triste trag√©dia... 
Que Deus tenha miseric√≥rdia! üôè
#Paz",2166359013459197_2166408603454238,"Se n√£o sabe interpretar um coment√°rio, fico imaginando como interpretar√° a B√≠blia ü§îü§îü§î... Oremos !",Table
2019-03-13T15:10:52+0000,"Ao inv√©s de ficarem criticando posse, porte e o raio que o parta de armas.. pq n√£o dobram os vossos joelhos e orem pelas crian√ßas atingidas nessa triste trag√©dia... 
Que Deus tenha miseric√≥rdia! üôè
#Paz",2166359013459197_2166408603454238,"üëèüëèüëèüëèüëèüëèüëèüëèüëè
Apoiadiss√≠ma",Table
2019-03-13T15:10:52+0000,"Ao inv√©s de ficarem criticando posse, porte e o raio que o parta de armas.. pq n√£o dobram os vossos joelhos e orem pelas crian√ßas atingidas nessa triste trag√©dia... 
Que Deus tenha miseric√≥rdia! üôè
#Paz",2166359013459197_2166408603454238,"Quem anda armado se n√£o for policia,√© bandido. Brasileiro n√£o tem capacidade de ter cachorro vira latas. Vai ter capacidade de possuir armas? Kkkkkkkkkk Fala s√©rio.",Table
2019-03-13T15:36:23+0000,Ate parece que isso s√≥ aconteceu pelo porte de armas ..que dizer que quando era proibido nao tinha nada disso assaltos mortes e etc. Deixa desses pensamentos leigos ..quando se quer fazer algo se da um jeito !!!,2166359013459197_2166439473451151,"George Macedo me parece que leigo √© voc√™, que n√£o v√™ e analisa friamente os fatos. Veja, com mais armas em circula√ß√£o, a chance de que um adolescente desequil√≠brado como esses pegue a arma do pai e produza ataques semelhantes ser√° muito maior. Ah mas o pai respons√°vel vai deixar bem guardado. N√£o esque√ßa que o mal do brasileiro √© achar que nunca vai acontecer o pior. Veja por exemplo o que ocorre nos Estados Unidos, e as discuss√µes sobre posse de arma que existem por l√°.",Table
2019-03-13T15:36:23+0000,Ate parece que isso s√≥ aconteceu pelo porte de armas ..que dizer que quando era proibido nao tinha nada disso assaltos mortes e etc. Deixa desses pensamentos leigos ..quando se quer fazer algo se da um jeito !!!,2166359013459197_2166439473451151,Concordo....,Table
2019-03-13T15:36:23+0000,Ate parece que isso s√≥ aconteceu pelo porte de armas ..que dizer que quando era proibido nao tinha nada disso assaltos mortes e etc. Deixa desses pensamentos leigos ..quando se quer fazer algo se da um jeito !!!,2166359013459197_2166439473451151,At√© pq n√£o estavam s√≥ com armas tinha facas tamb√©m bombas n√© .,Table
2019-03-13T15:36:23+0000,Ate parece que isso s√≥ aconteceu pelo porte de armas ..que dizer que quando era proibido nao tinha nada disso assaltos mortes e etc. Deixa desses pensamentos leigos ..quando se quer fazer algo se da um jeito !!!,2166359013459197_2166439473451151,Verdade,Table
2019-03-13T15:36:23+0000,Ate parece que isso s√≥ aconteceu pelo porte de armas ..que dizer que quando era proibido nao tinha nada disso assaltos mortes e etc. Deixa desses pensamentos leigos ..quando se quer fazer algo se da um jeito !!!,2166359013459197_2166439473451151,Ainda √© proibido,Table
2019-03-13T14:56:18+0000,"Em contra partida flexibiliza√ß√£o de porte de arma vai indo , s√≥ Deus pra resguardar !
Ser√° que ningu√©m parou pra pensar que foi-se o tempo que as crian√ßas n√£o tinham tanta facilidade em tudo ! 
Vivemos numa era muito permissiva onde alguns se admiram da esperteza e curiosidade de crian√ßas e jovens , onde coisa de adulto e coisa de crian√ßa se confundem e se fundem !",2166359013459197_2166390830122682,"As armas que estavam com eles n√£o vieram da legalidade e sim de onde todas as outras armas que s√£o usadas em crimes, do crime.",Table
2019-03-13T14:56:18+0000,"Em contra partida flexibiliza√ß√£o de porte de arma vai indo , s√≥ Deus pra resguardar !
Ser√° que ningu√©m parou pra pensar que foi-se o tempo que as crian√ßas n√£o tinham tanta facilidade em tudo ! 
Vivemos numa era muito permissiva onde alguns se admiram da esperteza e curiosidade de crian√ßas e jovens , onde coisa de adulto e coisa de crian√ßa se confundem e se fundem !",2166359013459197_2166390830122682,Jefferson Sales CR isso que eu ia dizer,Table
2019-03-13T14:56:18+0000,"Em contra partida flexibiliza√ß√£o de porte de arma vai indo , s√≥ Deus pra resguardar !
Ser√° que ningu√©m parou pra pensar que foi-se o tempo que as crian√ßas n√£o tinham tanta facilidade em tudo ! 
Vivemos numa era muito permissiva onde alguns se admiram da esperteza e curiosidade de crian√ßas e jovens , onde coisa de adulto e coisa de crian√ßa se confundem e se fundem !",2166359013459197_2166390830122682,"Porte de arma s√≥ pioram as coisas, Ainda mais quando s√£o arma pra um povo mal educado e sem educa√ß√£o, A√≠ fode tudo.",Table
2019-03-13T14:56:18+0000,"Em contra partida flexibiliza√ß√£o de porte de arma vai indo , s√≥ Deus pra resguardar !
Ser√° que ningu√©m parou pra pensar que foi-se o tempo que as crian√ßas n√£o tinham tanta facilidade em tudo ! 
Vivemos numa era muito permissiva onde alguns se admiram da esperteza e curiosidade de crian√ßas e jovens , onde coisa de adulto e coisa de crian√ßa se confundem e se fundem !",2166359013459197_2166390830122682,"Olha ai, at√© parece que pra marginal cometer tal atrocidade √© preciso antes ele tirar porte/posse. Quem fica a merc√™ disso √© o povo de bem, como esses alunos, morreram sem se defender... podes crer amiguinho, estatuto de desarmamento serve simüëç",Table
2019-03-13T14:56:18+0000,"Em contra partida flexibiliza√ß√£o de porte de arma vai indo , s√≥ Deus pra resguardar !
Ser√° que ningu√©m parou pra pensar que foi-se o tempo que as crian√ßas n√£o tinham tanta facilidade em tudo ! 
Vivemos numa era muito permissiva onde alguns se admiram da esperteza e curiosidade de crian√ßas e jovens , onde coisa de adulto e coisa de crian√ßa se confundem e se fundem !",2166359013459197_2166390830122682,"Pelas informa√ß√µes, os autores n√£o sao menores, roubaram um carro antes do acontecimento na escola, jogavam os jogos mais violentos... Legalizar arma ou n√£o, parece n√£o fazer diferen√ßa para esse tipo de mente.",Table
2019-03-13T15:37:00+0000,"Eu acho q primeiro q tudo tem q pesquisar a familia desses atiradores..
Quem s√£o os pais ? Como era a vida familiar desses jovens ?
Sim pq tudo come√ßa dentro de casa.....",2166359013459197_2166440150117750,Cleide Mara mais agora? Pra que mesmo?,Table
2019-03-13T15:37:00+0000,"Eu acho q primeiro q tudo tem q pesquisar a familia desses atiradores..
Quem s√£o os pais ? Como era a vida familiar desses jovens ?
Sim pq tudo come√ßa dentro de casa.....",2166359013459197_2166440150117750,Cleide Mara concordo,Table
2019-03-13T15:37:00+0000,"Eu acho q primeiro q tudo tem q pesquisar a familia desses atiradores..
Quem s√£o os pais ? Como era a vida familiar desses jovens ?
Sim pq tudo come√ßa dentro de casa.....",2166359013459197_2166440150117750,"Bia Valadares pra n√£o ficar espalhando coisa falsa e culpando apenas os dois, quando se nota que tem muita coisa envolvida pra eles terem chegado ao surto que tiveram!",Table
2019-03-13T14:35:27+0000,"Triste o cora√ß√£o mais uma vez sangra nesse in√≠cio de ano, tempos dif√≠ceis que nada mais s√£o do que reflexo de anos e anos de neglig√™ncia estatal para com seu povo seja na seguran√ßa ou educa√ß√£o.",2166359013459197_2166362933458805,null,Table
2019-03-13T15:23:00+0000,"Os moleques estavam bem equipado, como eles conseguiram esses equipamentos? Estranho",2166359013459197_2166423196786112,null,Table
2019-03-13T16:24:48+0000,"√â triste, muito triste! 

Uma chacina ceifando vidas e pessoas vindo em coment√°rios defender porte legal de armas.
Pessoas que dizem ter Deus no cora√ß√£o!
Eu acho que o Deus de voc√™s devem ter √© vergonha de levar o nome t√£o em v√£o assim.

For√ßa para as fam√≠lias, que consigam for√ßa pra passar por uma trag√©dia dessas! Aos sobreviventes, que consigam seguir sem sequelas psicol√≥gicas ou f√≠sicas.",2166359013459197_2166483470113418,null,Table
2019-03-13T14:42:48+0000,"Hj em dia o mundo t√° violento, assim c nos outros pa√≠ses o mesmo atentado chega ao nosso, creio q seja devido a bullying e incentivo d jogos violentos realistas virtuais d tiro, isso se d√° devido √† falta d carinho dos pais c seus filhos!!!",2166359013459197_2166372146791217,Nada a ver os jogos.,Table
2019-03-13T14:42:48+0000,"Hj em dia o mundo t√° violento, assim c nos outros pa√≠ses o mesmo atentado chega ao nosso, creio q seja devido a bullying e incentivo d jogos violentos realistas virtuais d tiro, isso se d√° devido √† falta d carinho dos pais c seus filhos!!!",2166359013459197_2166372146791217,"Isso pq deves jogar algum desses, nos üá∫üá∏ a maioria dos casos s√£o sim d simuladores d jogos violoentos!",Table
2019-03-13T14:42:48+0000,"Hj em dia o mundo t√° violento, assim c nos outros pa√≠ses o mesmo atentado chega ao nosso, creio q seja devido a bullying e incentivo d jogos violentos realistas virtuais d tiro, isso se d√° devido √† falta d carinho dos pais c seus filhos!!!",2166359013459197_2166372146791217,"Wilson Pinheiro N√£o s√£o os jogos, nenhum gamer faz isso. Mas est√° a√≠ o acesso e facilidade dos adolescentes conseguir uma arma. 
Essa √© a viol√™ncia da fam√≠lia armada para se proteger ?",Table
2019-03-13T14:42:48+0000,"Hj em dia o mundo t√° violento, assim c nos outros pa√≠ses o mesmo atentado chega ao nosso, creio q seja devido a bullying e incentivo d jogos violentos realistas virtuais d tiro, isso se d√° devido √† falta d carinho dos pais c seus filhos!!!",2166359013459197_2166372146791217,"Se vc soubesse q o jovem estava vestido c personagem d um desses jogos mudaria d pensamento, essa juventude d hj est√° enlouquecida, qnto a facilidade d arrumar uma arma isso discordo a n√£o ser q seja um marginal, pois p mim √© coisa d marginal arrumar uma arma c facilidade, fora q eles fizeram o crime premeditado, atiraram num tio q descobriu o plano, espero q vc esteja acompanhando o caso!!!",Table
2019-03-13T14:42:48+0000,"Hj em dia o mundo t√° violento, assim c nos outros pa√≠ses o mesmo atentado chega ao nosso, creio q seja devido a bullying e incentivo d jogos violentos realistas virtuais d tiro, isso se d√° devido √† falta d carinho dos pais c seus filhos!!!",2166359013459197_2166372146791217,"Wilson Pinheiro concordo com voc√™, penso da mesma forma... Muitos jogos violentos e tem pessoas que tem a cabe√ßa fraca pra isso .",Table
2019-03-13T14:42:48+0000,"Hj em dia o mundo t√° violento, assim c nos outros pa√≠ses o mesmo atentado chega ao nosso, creio q seja devido a bullying e incentivo d jogos violentos realistas virtuais d tiro, isso se d√° devido √† falta d carinho dos pais c seus filhos!!!",2166359013459197_2166372146791217,"Ent√£o se fosse por jogos violentos ter√≠amos muito mais casos desse tipo n√£o √© 

Cad√™ a fam√≠lia desses garotos?
O que se passava com eles?
Eles tinham uma vida/fam√≠lia estruturada?

S√£o coisas que vc tem que pensar antes de sair falando qualquer coisa 

Hj em dia parece que qualquer um consegue uma arma 

T√° tudo perdido",Table
2019-03-13T14:58:50+0000,"Jesus cristo n√£o tenho psicol√≥gico pra assistir isso, sou m√£e e t√¥ arrasada lendo isso",2166359013459197_2166393970122368,null,Table
2019-03-13T15:18:53+0000,"Que mundo √© esse que estamos vivendoüòî, que trag√©dia horr√≠vel..estou sentindo na alma a dor desses pais que perderam seus filhos!! Sem estrutura psic√≥logica para tudo issoüòì",2166359013459197_2166418043453294,null,Table
2019-03-13T15:13:39+0000,"At√© um tempo atr√°s esse tipo de not√≠cia sempre era fora do Brasil. Hoje toda essa maldade/crueldade est√° no mundo todo. N√£o temos mais para onde fugir. Como se proteger.
Senhor at√© quando vamos viver toda essa maldade humana?üòî",2166359013459197_2166411826787249,null,Table
2019-03-14T01:03:23+0000,"‚Ä¢ Luto por Suzano 
‚Ä¢ Luto por Brumadinho 
‚Ä¢ Luto pelas enchentes do Rio 
‚Ä¢ Luto pelas enchentes de SP 
‚Ä¢ Luto pelo ninho do urubu 
‚Ä¢ Luto pela viol√™ncia a mulheres 
‚Ä¢ LUTO PELO BRASIL üò™üò™üò™üò≠",2166359013459197_2166786193416479,null,Table
2019-03-13T14:52:54+0000,N√£ooo ... Penso que um dia vou acordar e ver apenas noticias boas .. Mas quando vejo √© uma pior que a outra ainda mais envolvendo crian√ßa meu Deus ... A gente que tem filho ficamos desesperados pela tamanha viol√™ncia üò•üò≠,2166359013459197_2166384113456687,null,Table
2019-03-13T15:19:38+0000,Gente eu sei q √© cedo pra fala algo mas algo me diz q o q incentivou e t√° incentivando esse moleques e esse jogo fre fire gente olhando esse v√≠deo parece q estamos dentro de um jogo de atiradores v√°rias pessoas sendo mortas meu Deus,2166359013459197_2166418886786543,Eu hein,Table
2019-03-13T15:19:38+0000,Gente eu sei q √© cedo pra fala algo mas algo me diz q o q incentivou e t√° incentivando esse moleques e esse jogo fre fire gente olhando esse v√≠deo parece q estamos dentro de um jogo de atiradores v√°rias pessoas sendo mortas meu Deus,2166359013459197_2166418886786543,Q viagem,Table
2019-03-13T15:19:38+0000,Gente eu sei q √© cedo pra fala algo mas algo me diz q o q incentivou e t√° incentivando esse moleques e esse jogo fre fire gente olhando esse v√≠deo parece q estamos dentro de um jogo de atiradores v√°rias pessoas sendo mortas meu Deus,2166359013459197_2166418886786543,Vit√≥ria Gabriela quis dizer q pessoas cm mentes vazias e fracas ficam obcecadas por esse jogo violentos e por um del√≠rio faz o q esses jovens fizeram !,Table
2019-03-13T15:19:38+0000,Gente eu sei q √© cedo pra fala algo mas algo me diz q o q incentivou e t√° incentivando esse moleques e esse jogo fre fire gente olhando esse v√≠deo parece q estamos dentro de um jogo de atiradores v√°rias pessoas sendo mortas meu Deus,2166359013459197_2166418886786543,Eu j√° vi o free fire e outros jogos e vendo um v√≠deo q me enviaram e parecidos cenas de pessoas mortas brutalmente e sendo assinadas tamb√©m e muito forte o v√≠deo,Table
2019-03-13T15:31:55+0000,Parab√©ns #Dol por n√£o postar as imagens em respeito as v√≠timas.,2166359013459197_2166433773451721,null,Table
2019-03-13T14:36:31+0000,"Antes deles invadirem a escola, os mesmos tentaram matar um comerciante perto da escola, sendo que esse comerciante est√° internado na Santa Casa de Suzano.",2166359013459197_2166364383458660,Eduardo Pontes ele morreu üò≠,Table
2019-03-13T16:02:03+0000,"Trabalho em CAPS E o que tem de jovens com transtorno mental √© na maioria ainda convivem em um ambiente onde deveria haver paz,harmonia e amor.....Seu lar.",2166359013459197_2166468670114898,null,Table
2019-03-13T14:43:42+0000,"Meu Deus, o que esta a√ß√£o tecendo com a humanidade",2166359013459197_2166373150124450,null,Table
2019-03-13T14:50:12+0000,"Meu Deus √© tanta maldade, q nem na escola as crian√ßas est√£o seguras üòî 
Meu Deus protejas meus filhos e de todos q estudam e q ainda n√£o estudam tb, livrai de todo mal.üôè",2166359013459197_2166380620123703,null,Table
2019-03-13T15:48:14+0000,"Gente, √© mais do que √≥bvio que eles foram inspirados pelo Massacre de Columbine em 1999, que tbm inspirou o personagem Tate da s√©rie de Tv American Horror Story, o garoto tentou se vestir parecido! √â s√≥ analisar e comparar fotos e fatos.",2166359013459197_2166455223449576,null,Table
2019-03-13T15:43:30+0000,Vontade de pegar minha filha deixa so em csa quando ta no colegio fica aflita orando sempre p deus cuidar proteger ela p mim meus parentes tbm üò¢,2166359013459197_2166448933450205,null,Table
2019-03-13T19:29:09+0000,"J√° podem acabar com esse jogo free fire, caracter√≠sticas desse jogo que n√£o acrescenta em nada , apenas na maldade üò∞",2166359013459197_2166570730104692,Concordo,Table
2019-03-13T15:32:36+0000,Ou Dol se for pra colocar essas filmagens nada com nada √© melhor n√£o publicar...,2166359013459197_2166435173451581,"S√£o menores de idade, n√£o podem publicar as fotos.",Table
2019-03-13T15:01:46+0000,Meu Deus üò• isso √© triste demais üò• s√≥ quero meus filhos nesse momento... Empatia √†s todas as m√£es üò•,2166359013459197_2166397726788659,null,Table
2019-03-13T15:00:34+0000,"Triste realidade.. Hoje na verdade, n√£o temos mais sossego em lugar algum. Temos que pedir a Deus muita prote√ß√£o a esse mundo que estamos vivendo. üôè",2166359013459197_2166396386788793,null,Table
2019-03-13T15:17:20+0000,"Muito triste isso... s√≥ nos resta rezar mesmo, o maior problema disso tudo est√° no ser humano, que Deus tenha miseric√≥rdia de n√≥s!!!",2166359013459197_2166416053453493,null,Table
2019-03-13T15:44:58+0000,Vamos ocupar a mente desses meninos com trabalho e estudo. E Aumentar a pena pro crime.,2166359013459197_2166451496783282,null,Table
2019-03-13T15:09:44+0000,"Pai amado, oque t√° acontecendo com a ra√ßa humana !?? üò¢üò¢üòû",2166359013459197_2166407350121030,null,Table
2019-03-13T19:01:30+0000,"Triste !
Que Deus conforte as familias
E nossas fam√≠lias , para que nos possamos cuidar ,educar e acompanhar o que nossos filhos fazem...
Pois temos q esta sempre de olho.",2166359013459197_2166557670105998,null,Table
2019-03-13T15:16:33+0000,Cada vez mas a falta de Deus no cora√ß√£o do ser humano √© a justificativa para toda essas barb√°ries üò≠,2166359013459197_2166415293453569,null,Table
2019-03-13T17:14:25+0000,"Medo de sair de casa e ir pra escola, faculdade, ou cinema, shopping, pra√ßas... As pessoas est√£o surtadas, hoje em dia. Deus nos proteja e console essas fam√≠lias.",2166359013459197_2166508360110929,null,Table
2019-03-13T16:03:09+0000,Pe√ßo a Deus q proteja sempre meu filho e todos q estudam senhor e q livrem de todo o mal üôè,2166359013459197_2166470963448002,null,Table
2019-03-14T01:31:23+0000,Meu Deus oque est√° acontecendo senhor muita trag√©dia üíîüò±üò≠falta Deus Aben√ßoe senhor as fam√≠lias pai.üôèüèªüôåüèª,2166359013459197_2166811470080618,null,Table
2019-03-13T14:41:32+0000,LIBERA PORTE DE ARMA PRA POPULA√á√ÉO DE BEM. VAI DA CERTO SIM,2166359013459197_2166370826791349,Tenho certeza que essas armas n√£o s√£o legalizadas e muito menos os bandidos tinham posse muiiiito menos porte e sim daria certo pois se tivesse uma pessoa na escola com uma arma registrada( com treinamento e todos os requisitos para se ter uma) essa trag√©dia poderia ter sido menor ou quem sabe at√© evitada.,Table
2019-03-13T14:41:32+0000,LIBERA PORTE DE ARMA PRA POPULA√á√ÉO DE BEM. VAI DA CERTO SIM,2166359013459197_2166370826791349,Ahh os atiradores eram de bem. Agora tudo faz sentido,Table
2019-03-13T14:41:32+0000,LIBERA PORTE DE ARMA PRA POPULA√á√ÉO DE BEM. VAI DA CERTO SIM,2166359013459197_2166370826791349,"U√©, mas e o estatuto do desarmento n era pra evitar isso? E pq ainda acontece?",Table
2019-03-13T14:41:32+0000,LIBERA PORTE DE ARMA PRA POPULA√á√ÉO DE BEM. VAI DA CERTO SIM,2166359013459197_2166370826791349,"Eduardo, confia no teu potencial de ter uma arma dentro de casa ""legalizada"" e quadrilha se armar ""ilegalmente"" e invadir sua casa fazendo v√≠tima na sua fam√≠lia tudo pra conseguir a sua arma que vc legalizou. Arma n√£o √© a solu√ß√£o da vigil√¢ncia. √â fazer mais guerra!",Table
2019-03-13T14:41:32+0000,LIBERA PORTE DE ARMA PRA POPULA√á√ÉO DE BEM. VAI DA CERTO SIM,2166359013459197_2166370826791349,Gerar mais sangue!,Table
2019-03-13T14:41:32+0000,LIBERA PORTE DE ARMA PRA POPULA√á√ÉO DE BEM. VAI DA CERTO SIM,2166359013459197_2166370826791349,Junior Rodrigu√™s desde quando bandido √© cidad√£o de bem? S√≥ lembrando que coisas do tipo n√£o s√£o de hoje . Como vai desarmar os marginais ?,Table
2019-03-13T14:41:32+0000,LIBERA PORTE DE ARMA PRA POPULA√á√ÉO DE BEM. VAI DA CERTO SIM,2166359013459197_2166370826791349,"Muito dif√≠cil conseguir uma arma, eles s√≥ conseguiram pq o ""Bolodemilho"" t√° no poder.",Table
2019-03-13T14:41:32+0000,LIBERA PORTE DE ARMA PRA POPULA√á√ÉO DE BEM. VAI DA CERTO SIM,2166359013459197_2166370826791349,"Em momento algum disse que eles sao de bem! Reys San , entenda o que eu disse nos coment√°rios a cima!",Table
2019-03-13T14:41:32+0000,LIBERA PORTE DE ARMA PRA POPULA√á√ÉO DE BEM. VAI DA CERTO SIM,2166359013459197_2166370826791349,"350 tu tem uma arma em m√£os no mercado negro , sem contar p quem j√° t√° no meio do crime , ter uma arma √© f√°cil .",Table
2019-03-13T14:41:32+0000,LIBERA PORTE DE ARMA PRA POPULA√á√ÉO DE BEM. VAI DA CERTO SIM,2166359013459197_2166370826791349,"Junior Rodrigu√™s Dois adolescentes, que pelo atual regime n√£o podem ter porte, ent√£o as armas eram ilegais. Vcs usam a ideologia pra tentar tirar proveito de qualquer trag√©dia, nojentos. Eles estavam mal intencionados, n√£o importa se as armas eram legais ilegais, iam fazer do mesmo jeito, n√£o seja canalha.",Table
2019-03-13T14:41:32+0000,LIBERA PORTE DE ARMA PRA POPULA√á√ÉO DE BEM. VAI DA CERTO SIM,2166359013459197_2166370826791349,"N√£o se para uma pessoa armada com palavras, s√≥ se pode parar uma pessoa armada com outra arma, oq tu chama de guerra eu chamo de lei b√°sica de sobreviv√™ncia, enquanto s√≥ um lado atirar teremos trag√©dias desse tipo",Table
2019-03-13T14:41:32+0000,LIBERA PORTE DE ARMA PRA POPULA√á√ÉO DE BEM. VAI DA CERTO SIM,2166359013459197_2166370826791349,Jefferson Sales CR da sobreviv√™ncia de quem? A sua realidade condiz com um filme de apocalipse zumbi e n√£o com a vida real de fato. Acorda! Arma que vc diz que vai fazer vc sobreviver √© a mesma que pode te matar e matar inocentes ao seu redor que n√£o tem culpa de absolutamente nada se vc resolver atirar. Apartir da√≠ √© tiroreito descontrolado! Pq quem lutar contigo pode ser mais doido que tu! Resumindo Todos perdem!,Table
2019-03-13T14:41:32+0000,LIBERA PORTE DE ARMA PRA POPULA√á√ÉO DE BEM. VAI DA CERTO SIM,2166359013459197_2166370826791349,Saudade de quando a posse n√£o era legalizado e n√£o existia esse tipo de crime nas escolas,Table
2019-03-13T14:41:32+0000,LIBERA PORTE DE ARMA PRA POPULA√á√ÉO DE BEM. VAI DA CERTO SIM,2166359013459197_2166370826791349,Junior Rodrigu√™s vergonha,Table
2019-03-13T14:41:32+0000,LIBERA PORTE DE ARMA PRA POPULA√á√ÉO DE BEM. VAI DA CERTO SIM,2166359013459197_2166370826791349,"Deve ser uma maravilha sua mente pensar que isso ocorre por causa da legaliza√ß√£o da posse para o cidad√£o de bem. Olhe pra voc√™, pra mim e olhe para as pessoas que podem ter acesso, uma pessoa que tem e que n√£o tem permiss√£o. Procure um argumento mais plaus√≠vel.",Table
2019-03-13T14:41:32+0000,LIBERA PORTE DE ARMA PRA POPULA√á√ÉO DE BEM. VAI DA CERTO SIM,2166359013459197_2166370826791349,David Ba√≠a Procure aprender a entender ironia!,Table
2019-03-13T14:41:32+0000,LIBERA PORTE DE ARMA PRA POPULA√á√ÉO DE BEM. VAI DA CERTO SIM,2166359013459197_2166370826791349,"Acho que quem n√£o t√° olhando pra realidade √© voc√™ amigo, o tiroteio aconteceu, pessoas inocentes morreram isso √© fato se tivesse um seguran√ßa armado ali ou que fosse um policial militar a realidade poderia ter sido outra, doido ou n√£o sobrevive aquele que tem chance de se defender quem n√£o tem s√≥ morre mesmo,n√£o vamos longe, ano passado um meliante abordou v√°rias senhoras com crian√ßas na porta de uma escola se fosse a inten√ß√£o dele matar todos ali assim ele faria sabe o que paro ele ? Uma mulher armada, temos que olhar para a realidade sim,pessoas est√£o morrendo sem a chance de se defender pois s√≥ um lado tem arma.",Table
2019-03-13T14:41:32+0000,LIBERA PORTE DE ARMA PRA POPULA√á√ÉO DE BEM. VAI DA CERTO SIM,2166359013459197_2166370826791349,e quem foi que disse que bandido √© cidad√£o de bem ?,Table
2019-03-13T14:41:32+0000,LIBERA PORTE DE ARMA PRA POPULA√á√ÉO DE BEM. VAI DA CERTO SIM,2166359013459197_2166370826791349,Os dois com armas vc com mentalidade acha que se neutralizar√° e todos ficaram em paz Jefferson Sales CR ? Pelo amor de Deus! Olho por olho e dente por dente s√≥ fez sangue! S√≥ far√° v√≠timas!,Table
2019-03-13T14:41:32+0000,LIBERA PORTE DE ARMA PRA POPULA√á√ÉO DE BEM. VAI DA CERTO SIM,2166359013459197_2166370826791349,Se os guardas tivessem armados duvido se esses mlks n√£o tinham morrido antes de entrar,Table
2019-03-13T14:41:32+0000,LIBERA PORTE DE ARMA PRA POPULA√á√ÉO DE BEM. VAI DA CERTO SIM,2166359013459197_2166370826791349,"Imagina todos armados...seria um tiroteio...e muitas dezenas de mortos, isso porque cada iria tentar se defender atirando no outro (leg√≠tima defesa), pois n√£o conseguiriam identificar quem come√ßou a ""lamban√ßa"", ainda mais foi no hor√°rio do intervalo.",Table
2019-03-13T14:41:32+0000,LIBERA PORTE DE ARMA PRA POPULA√á√ÉO DE BEM. VAI DA CERTO SIM,2166359013459197_2166370826791349,Abner Rabel sensato!,Table
2019-03-13T14:41:32+0000,LIBERA PORTE DE ARMA PRA POPULA√á√ÉO DE BEM. VAI DA CERTO SIM,2166359013459197_2166370826791349,"Louren√ßo, o primeiro alvo seriam os guardas. Vc entra num banco e olha pro guarda...o guarda vai te perguntar porque est√°s olhando pra ele?
O guarda do pode atirar se vc der o primeiro tiro...a policia s√≥ atira se for atacada...eh for√ßa letal meu caro amigo.",Table
2019-03-13T14:41:32+0000,LIBERA PORTE DE ARMA PRA POPULA√á√ÉO DE BEM. VAI DA CERTO SIM,2166359013459197_2166370826791349,Cara pela l√≥gica as tem um cara armado amea√ßando a mim e a outras pessoas e eu consigo neutralizar ele logo as v√≠timas e eu estaremos a salvo n√£o ? Essa tua conta de ''mais v√≠timas'' n√£o bate,Table
2019-03-13T14:41:32+0000,LIBERA PORTE DE ARMA PRA POPULA√á√ÉO DE BEM. VAI DA CERTO SIM,2166359013459197_2166370826791349,O que n√£o bate √© tua achar que vai ser paz e amor duas pessoas armadas. Senta l√° ent√£o,Table
2019-03-13T14:41:32+0000,LIBERA PORTE DE ARMA PRA POPULA√á√ÉO DE BEM. VAI DA CERTO SIM,2166359013459197_2166370826791349,"Abner Rabel os tiroteios j√° est√£o acontecendo, s√≥ que o lado inocente s√≥ morre pois n√£o tem como ou quem os defenda.",Table
2019-03-13T14:41:32+0000,LIBERA PORTE DE ARMA PRA POPULA√á√ÉO DE BEM. VAI DA CERTO SIM,2166359013459197_2166370826791349,"Viol√™ncia se combate com viol√™ncia, infelizmente, se um cara armado vem me matar eu n√£o vou desejar paz e amor pra ele antes de ver ele me fuzilar",Table
2019-03-13T14:41:32+0000,LIBERA PORTE DE ARMA PRA POPULA√á√ÉO DE BEM. VAI DA CERTO SIM,2166359013459197_2166370826791349,"Bom, teu pensamento n√£o ta errado. O mundo ta violento. Mas n√£o sou ego√≠sta assim em n√£o olhar pro pr√≥ximo. Vc √© ego√≠sta e n√£o tenho nada haver com isto.",Table
2019-03-13T14:41:32+0000,LIBERA PORTE DE ARMA PRA POPULA√á√ÉO DE BEM. VAI DA CERTO SIM,2166359013459197_2166370826791349,"Junior Rodrigu√™s ego√≠sta ? 8 pessoas foram baleadas sendo 5 crian√ßas, se tivesse algu√©m armado ali pra defender a escola esse n√∫mero seria menor ou at√© mesmo nulo, entre ver 5 crian√ßas e 3 trabalhadores morrendo e ver dois bandido armados morrendo,desculpe meu ego√≠smo exige que eu fique do lado dos inocentes.",Table
2019-03-13T15:54:08+0000,"Oh meu Deus!!!! o que √© isso? pra que isso? porque isso? √© muito chocante , √© muito triste,√© muito sofrimento,pra onde a gente se vira √© desgra√ßa pra todos os lados, imagina os pais dessas crian√ßas e jovens?",2166359013459197_2166460960115669,null,Table
2019-03-13T16:04:56+0000,Terror essa √© a palavra. Que Deus console familiares e amigos.,2166359013459197_2166472520114513,null,Table
2019-03-13T14:47:43+0000,V√≠cio de jogo! Meu Deus t√¥ arrasada,2166359013459197_2166377880123977,Nilza Lima aonde est√° dizendo que foi o v√≠cio de jogo ?,Table
2019-03-13T14:47:43+0000,V√≠cio de jogo! Meu Deus t√¥ arrasada,2166359013459197_2166377880123977,Nilza Lima aonde est√° dizendo que foi o v√≠cio de jogo ?,Table
2019-03-13T14:47:43+0000,V√≠cio de jogo! Meu Deus t√¥ arrasada,2166359013459197_2166377880123977,Nilza Lima a senhora trabalha no caso ? √â a investigadora do caso ?,Table
2019-03-13T14:47:43+0000,V√≠cio de jogo! Meu Deus t√¥ arrasada,2166359013459197_2166377880123977,"Eu acredito que esses jogos influ√™ncia sim.
Meu sobrinho de 3 anos depois que baixaram esse tal de freefire no tablet dele , ele s√≥ fala em dar tiro nas pessoas, uma amiga minha foi elogiar ele dizendo que ele estava bonito ele olhou para ela e disse ""cala boca vou te dar um tiro"".
Ele tem apenas 3 anos, ent√£o por ai ja se v√™ a influ√™ncia que esses jogos tem na vida de crian√ßas e adolescentes.",Table
2019-03-13T14:47:43+0000,V√≠cio de jogo! Meu Deus t√¥ arrasada,2166359013459197_2166377880123977,Gabriela Carvalho verdade. Jogo futebol no videogame desde sempre e hoje sou jogador profissional pelo barcelona.,Table
2019-03-13T14:47:43+0000,V√≠cio de jogo! Meu Deus t√¥ arrasada,2166359013459197_2166377880123977,Luis Nascimento depende do PSICOL√ìGICO de cada um.,Table
2019-03-13T14:47:43+0000,V√≠cio de jogo! Meu Deus t√¥ arrasada,2166359013459197_2166377880123977,"N√£o estou falando de adultos, e sim de crian√ßas e adolescentes.",Table
2019-03-13T14:47:43+0000,V√≠cio de jogo! Meu Deus t√¥ arrasada,2166359013459197_2166377880123977,"Vc d√° um tablet pra uma CRIAN√áA DE 3 ANOS e n√£o controla o uso e a culpa √© do jogo? O problema n√£o √© o jogo, vcs quem tem pregui√ßa de cuidar das suas crian√ßas, mas dar o tablet pra crian√ßa ficar quieta enquanto tu t√° no ""zapzap"" √© mais f√°cil n√©?",Table
2019-03-13T14:47:43+0000,V√≠cio de jogo! Meu Deus t√¥ arrasada,2166359013459197_2166377880123977,Maely Barbo quem √©s tu? Pra vim me digirir a palavra?,Table
2019-03-13T14:47:43+0000,V√≠cio de jogo! Meu Deus t√¥ arrasada,2166359013459197_2166377880123977,Maely Barbo n√£o pedi tua opini√£o.,Table
2019-03-13T14:47:43+0000,V√≠cio de jogo! Meu Deus t√¥ arrasada,2166359013459197_2166377880123977,A maioria dos adolescentes que fazem s√£o viciados em jogos violentos principalmente nos estado Unidos la sempre tem chacina de crian√ßas em escolas.,Table
2019-03-13T14:47:43+0000,V√≠cio de jogo! Meu Deus t√¥ arrasada,2166359013459197_2166377880123977,"S√≥ acho que jogos tem classifica√ß√£o de idade, se t√° dizendo que uma crian√ßa de 3 anos t√° jogando Free fire acho que isso j√° n√£o √© culpa do jogo, agora para um pouco e pensa o que os atirados poderiam ter sofrido antes na escola...",Table
2019-03-13T14:47:43+0000,V√≠cio de jogo! Meu Deus t√¥ arrasada,2166359013459197_2166377880123977,Maely Barbo kkkkk se atualizou j√° kkkkkkk,Table
2019-03-13T15:01:23+0000,√â s√≥ o come√ßo de um erro..,2166359013459197_2166397310122034,null,Table
2019-03-13T14:47:11+0000,Ainda tem gente que cr√≠tica os pais em quererem ensinar seus filhos em casa.,2166359013459197_2166377246790707,null,Table
2019-03-13T15:03:56+0000,A viol√™ncia se tornou divers√£o para muita gente.,2166359013459197_2166400246788407,null,Table
2019-03-13T16:03:08+0000,"No entanto s√≥ desaven√ßas,brigas e conflitos üò≠üò≠",2166359013459197_2166470916781340,null,Table
2019-03-13T15:43:38+0000,Meu Deus muito triste for√ßa aos familiares,2166359013459197_2166449523450146,null,Table
2019-03-13T14:44:37+0000,Viva o estatuto do armamento! üòî,2166359013459197_2166374226791009,"U√©, mas cad√™ o estatuto do desarmamento? N tirou as armas das pessoas?! Pq teve mais de 50 mil homicidios j√° que tiraram as armas?",Table
2019-03-13T14:44:37+0000,Viva o estatuto do armamento! üòî,2166359013459197_2166374226791009,S√≥ fez fortalecer o tr√°fico de armas,Table
2019-03-13T14:44:37+0000,Viva o estatuto do armamento! üòî,2166359013459197_2166374226791009,"Dois adolescentes, que pelo atual regime n√£o podem ter porte, ent√£o as armas eram ilegais. Vcs usam a ideologia pra tentar tirar proveito de qualquer trag√©dia, nojentos. Eles estavam mal intencionados, n√£o importa se as armas eram legais ilegais, iam fazer do mesmo jeito, n√£o seja canalha.",Table
2019-03-13T14:44:37+0000,Viva o estatuto do armamento! üòî,2166359013459197_2166374226791009,Cris nada ver!!,Table
2019-03-13T14:44:37+0000,Viva o estatuto do armamento! üòî,2166359013459197_2166374226791009,"Eu n√£o sei o pa√≠s que vc vive Cris, Mas no meu, as √∫nicas pessoas que obedeceram a lei do desarmamento foram as pessoas capacitadas e treinadas, que tinham permiss√£o aprovada e arma documentada.
Pessoas como esses adolescentes nunca deixaram de andar armado independentemente da decis√£o do Estado",Table
2019-03-13T15:19:47+0000,"2019 veio com tudo , salve -se quem puder .. s√≥ Jesus por n√≥s mesmo",2166359013459197_2166419096786522,null,Table
2019-03-13T16:11:00+0000,"1 adolescente , o outro era maior !",2166359013459197_2166476556780776,eram dois?,Table
2019-03-13T18:02:05+0000,Muito triste em casa üò≠‚û∞üòî que deus conforte o cora√ß√£o da familia e amigos,2166359013459197_2166531536775278,null,Table
2019-03-13T15:26:28+0000,Que Deus conforte essas fam√≠lias,2166359013459197_2166427580119007,null,Table
2019-03-13T15:15:45+0000,Miseric√≥rdia so Jesus Cristo na causa,2166359013459197_2166414213453677,null,Table
2019-03-13T15:30:00+0000,"Meu Pai do c√©u , quantas trag√©dias s√≥ neste come√ßo de ano .",2166359013459197_2166431926785239,null,Table
2019-03-13T15:49:37+0000,Meu Deus tem miseric√≥rdia dessas crian√ßas!üò¢üò¢,2166359013459197_2166456430116122,null,Table
2019-03-13T17:31:11+0000,Triste uma situa√ß√£o dessas Deus t√©m miseric√≥rdia,2166359013459197_2166516876776744,null,Table
2019-03-13T16:48:57+0000,Esses mulekes se inspiram em jogos de v√≠deo games.,2166359013459197_2166494950112270,null,Table
2019-03-13T15:58:19+0000,Esse ataque foi baseado nesse jogo nojento tal de freefire deviam bloquear esse jogo..,2166359013459197_2166464713448627,null,Table
2019-03-13T15:19:43+0000,Eu rir quando a TV falou que o motivo foi um jogo chamado fortnat.,2166359013459197_2166418993453199,null,Table
2019-03-13T14:42:56+0000,"Meu Deus,,
Pai miseric√≥rdia ao familiares",2166359013459197_2166372293457869,null,Table
2019-03-13T14:52:10+0000,Infelizmente a popula√ß√£o optou por um projeto de governo que gosta e cultua a viol√™ncia e a expans√£o do uso de armas. Estes s√£o os primeiros reflexos!,2166359013459197_2166383223456776,Cultua a viol√™ncia? Primeiros reflexos? Cara tu esteve onde todos esses anos da tua vida? No Brasil n√£o foi n√© ? Essas merdas acontecem todos os dias desde que eu me entendo.,Table
2019-03-13T16:04:26+0000,Isso e esse tal de free fire,2166359013459197_2166472166781215,null,Table
2019-03-13T19:54:24+0000,Meu Deus tenha miseric√≥rdia desses jovens üòî,2166359013459197_2166581593436939,null,Table
2019-03-13T14:41:51+0000,Onde vamos parar com tanta viol√™ncia,2166359013459197_2166371186791313,null,Table
2019-03-13T15:40:17+0000,inspirados? alguem noto?,2166359013459197_2166445116783920,Axel Lima eu notei. Inclusive postei no meu feed.,Table
2019-03-13T19:02:10+0000,,2166359013459197_2166557983439300,null,Table
2019-03-13T14:33:19+0000,"T√° passando sobre isso mas emissoras 
üò¨",2166359013459197_2166360463459052,null,Table
2019-03-13T16:00:15+0000,Anderlei Marinho,2166359013459197_2166466673448431,null,Table
2019-03-13T14:48:54+0000,Fim dos tempos Jesus Cristo,2166359013459197_2166379180123847,null,Table
2019-03-13T14:55:43+0000,,2166359013459197_2166390270122738,null,Table
2019-03-13T18:27:53+0000,Muito triste üò¢üò¢üò¢üò¢,2166359013459197_2166542370107528,null,Table
2019-03-13T16:01:19+0000,üíîüíîüíî,2166359013459197_2166467470115018,null,Table
2019-03-13T15:58:14+0000,Eu tenho o v√≠deo do massacre horrivel,2166359013459197_2166464686781963,null,Table
2019-03-13T21:48:20+0000,"Valei-nos, m√£e do Perp√©tuo Socorro!
üò™üò™üò™",2166359013459197_2166643683430730,null,Table
2019-03-13T15:15:00+0000,"Vcs querem ver o v√≠deo , eu tenho",2166359013459197_2166413483453750,"Neandro Correa me manda no zap 
91 981890488",Table
2019-03-13T14:46:35+0000,"muito,muito triste mesmo",2166359013459197_2166376540124111,null,Table
2019-03-13T19:13:50+0000,,2166359013459197_2166563730105392,null,Table
2019-03-13T14:51:16+0000,2 Funcion√°rios,2166359013459197_2166382243456874,null,Table
2019-03-13T14:38:04+0000,,2166359013459197_2166366320125133,null,Table
2019-03-13T15:08:19+0000,Meu Deus,2166359013459197_2166405506787881,null,Table
2019-03-13T17:26:10+0000,Alou,2166359013459197_2166514110110354,null,Table
2019-03-13T15:11:49+0000,,2166359013459197_2166409730120792,null,Table
2019-03-13T17:08:16+0000,Trag√©dia üò¢,2166359013459197_2166505510111214,null,Table
2019-03-13T14:38:28+0000,,2166359013459197_2166366843458414,null,Table
2019-03-13T15:08:46+0000,miseric√≥rdia,2166359013459197_2166406086787823,null,Table
2019-03-13T14:54:34+0000,Miseric√≥rdia,2166359013459197_2166388693456229,null,Table
2019-03-13T14:52:56+0000,,2166359013459197_2166384173456681,null,Table
2019-03-13T14:54:05+0000,,2166359013459197_2166387460123019,null,Table
2019-03-13T17:07:39+0000,√â muito triste üò¢,2166359013459197_2166505163444582,null,Table
2019-03-13T15:17:55+0000,,2166359013459197_2166416746786757,null,Table
2019-03-13T15:17:46+0000,,2166359013459197_2166416590120106,null,Table
2019-03-13T15:11:45+0000,Meu Deus,2166359013459197_2166409636787468,null,Table
2019-03-13T15:04:01+0000,Meus Deus üò≠que triste üò≠,2166359013459197_2166400350121730,null,Table
2019-03-13T14:52:31+0000,Nossa que tristeza meu deusüò¢,2166359013459197_2166383653456733,null,Table
2019-03-13T14:58:23+0000,üò≠üíî,2166359013459197_2166393380122427,null,Table
2019-03-13T18:41:25+0000,üò¢üò¢üò¢,2166359013459197_2166548473440251,null,Table
2019-03-13T14:50:38+0000,Vaneide Dias foi ai perto da tua casa ne?,2166359013459197_2166381180123647,Gleyceane Gomes üò¢üò¢üò¢simm,Table
2019-03-13T14:50:38+0000,Vaneide Dias foi ai perto da tua casa ne?,2166359013459197_2166381180123647,Muito triste üò≠,Table
2019-03-13T15:37:15+0000,,2166359013459197_2166440446784387,null,Table
2019-03-13T15:06:36+0000,üòî,2166359013459197_2166403213454777,null,Table
2019-03-13T18:54:46+0000,,2166359013459197_2166554646772967,null,Table
2019-03-13T16:10:51+0000,,2166359013459197_2166476463447452,null,Table
2019-03-13T14:40:40+0000,Sem coment√°rios üò≠,2166359013459197_2166369576791474,null,Table
2019-03-13T14:46:46+0000,üò≠üò≠,2166359013459197_2166376746790757,null,Table
2019-03-13T14:55:11+0000,"""Se as crian√ßas estivessem armadas nada disso teria acontecido""üòë",2166359013459197_2166389666789465,Kkkkkkkkkkkkkkkkkkkk,Table
2019-03-13T20:37:51+0000,Pais vigiem mais seus filhos...Esses jogos que existem nos dias de hoje que matam as pessoas e s√≥ pra induzir as crian√ßas... Esses jogos deviam ser proibidos,2166359013459197_2166602373434861,null,Table
2019-03-19T21:04:30+0000,,2166359013459197_2175740235854408,null,Table
2019-03-19T21:04:08+0000,,2166359013459197_2175739815854450,null,Table
2019-03-19T21:04:08+0000,,2166359013459197_2175739812521117,null,Table
2019-03-19T21:04:08+0000,,2166359013459197_2175739792521119,null,Table
2019-03-19T21:04:06+0000,,2166359013459197_2175739762521122,null,Table
2019-03-19T21:02:24+0000,Bom Thor de,2166359013459197_2175737682521330,null,Table
2019-03-13T14:44:13+0000,"E triste sim... Deus conforte os cora√ß√µes dos familiares e dos que v√£o falar besteira por falta de conhecimento das coisas... J√° est√£o falando e at√© mesmo esse p√°gina de comunica√ß√£o que a culpa devido prega√ß√£o e procura de clubes de tiros.. j√° t√£o colocando isso como culpa da lei porte de arma.. hoje dia s√≥ voc√™ pode ir ao beco, esquina com meliante compra ser uma arma que √© triste.. v√£o l√™ v√£o buscar conhecimento antes de falar algo .. N√£o vai ser qualquer um que vai pode ter uma arma na lei.. tem que passar pela pol√≠cia federal etc...",2166359013459197_2166373693457729,null,Table
2019-03-13T14:36:00+0000,Eh fim de mundo.,2166359013459197_2166363620125403,null,Table
2019-03-19T21:03:59+0000,,2166359013459197_2175739585854473,null,Table
2019-03-19T21:03:58+0000,,2166359013459197_2175739532521145,null,Table
2019-03-19T21:03:22+0000,Whatsapp de um ano de,2166359013459197_2175738545854577,null,Table
2019-03-13T14:58:29+0000,üò≠üò≠üò≠üò≠,2166359013459197_2166393550122410,null,Table
2019-03-13T16:08:09+0000,"Pessoa qndo n√£o nasce pra prestar.... n√£o adianta ber√ßo ou educa√ß√£o 
.......... v√£o sempre fzer o errado.",2166359013459197_2166474750114290,null,Table
2019-03-19T21:02:49+0000,,2166359013459197_2175738059187959,null,Table
2019-03-19T21:02:45+0000,,2166359013459197_2175737999187965,null,Table
2019-03-19T21:02:40+0000,,2166359013459197_2175737939187971,null,Table
2019-03-13T17:13:48+0000,"Isso √© que d√° os pais deixarem seus filhos no v√≠deo game o dia todo e n√£o v√£o saber o que os filhos olham e fazem,a familia t√° se destruindo por causa de pais que deixam seus filhos fazerem o que querem e principalmente n√£o imp√¥r em casa limites ou regras!",2166359013459197_2166507993444299,null,Table
2019-03-13T16:17:34+0000,Lament√°vel MEU Deus,2166359013459197_2166480136780418,null,Table
2019-03-13T14:41:36+0000,"Krl o video e triste infelizmente triste , pq pessoas fazem isso ??? N√£o s√£o seres humanos !!!",2166359013459197_2166370883458010,null,Table
2019-03-13T15:56:44+0000,Tiroteio? Isso foi massacre!,2166359013459197_2166463446782087,null,Table
2019-03-13T15:39:19+0000,"Isso √© libera√ß√£o de armas, muitas pessoas inocentes v√£o morrer",2166359013459197_2166444093450689,Kkkkk quanta idiotice,Table
2019-03-13T15:39:19+0000,"Isso √© libera√ß√£o de armas, muitas pessoas inocentes v√£o morrer",2166359013459197_2166444093450689,Lucas Mello Idiota e quem vota num meliciano,Table
2019-03-13T14:57:29+0000,Nat√°lia DiasDias üòî,2166359013459197_2166392343455864,Meu Deusüò≠üò≠üò≠üò≠,Table
2019-03-13T16:01:16+0000,Lucas Bastos,2166359013459197_2166467430115022,null,Table
2019-03-13T17:19:19+0000,Leonardo Furtado,2166359013459197_2166510366777395,Muito triste üò•,Table
2019-03-13T15:14:22+0000,Free fire,2166359013459197_2166412683453830,null,Table
2019-03-13T15:16:07+0000,Anny Damasceno olha ai,2166359013459197_2166414636786968,null,Table
2019-03-13T14:56:22+0000,Quem √© a favor e armar a popula√ß√£o √© a favor de viol√™ncia,2166359013459197_2166390926789339,null,Table
2019-03-13T14:47:50+0000,Paula Silva,2166359013459197_2166378010123964,null,Table
2019-03-13T14:54:27+0000,Jaqueline Wanzeler,2166359013459197_2166388416789590,null,Table
2019-03-13T15:23:07+0000,Lament√°vel üò≠üò≠,2166359013459197_2166423296786102,null,Table
2019-03-13T14:40:28+0000,Isso √© fruto desse √≥dio pregado...,2166359013459197_2166369370124828,null,Table
2019-03-13T16:10:43+0000,Silvana Nascimento,2166359013459197_2166476316780800,null,Table
2019-03-13T14:40:03+0000,Iury,2166359013459197_2166368840124881,null,Table
2019-03-13T15:40:43+0000,Free fire,2166359013459197_2166445556783876,null,Table
2019-03-13T16:34:30+0000,Edson Vilhena,2166359013459197_2166487960112969,null,Table
2019-03-13T15:09:17+0000,Nayara Ribeiro,2166359013459197_2166406746787757,null,Table
2019-03-13T14:59:38+0000,Bianca Braga,2166359013459197_2166395376788894,null,Table
2019-03-13T15:26:50+0000,E s√≥ ler a b√≠blia que vc vai entender a calza de tudo isso,2166359013459197_2166428043452294,null,Table
2019-03-13T15:47:27+0000,Faz arminha faz arminha isso s√≥ √© o come√ßo so tinha nos EUA agora √© aqui no Brasil,2166359013459197_2166454423449656,null,Table
2019-03-13T18:43:17+0000,"Que horror, m√°s isso √© o descontrole dos pa√≠s em deixar os filhos na internet dia e noite aprendendo em jogos de viol√™ncia ...",2166359013459197_2166549266773505,null,Table
2019-03-13T16:40:42+0000,Tem que muita a lei destes adolescentes tem que ser 8 anos pris√£o perp√©tua. Est√° demorando muito..Que pa√≠s √© este.,2166359013459197_2166491273445971,"Maria Garcia a lei √± adiantaria, eles se mataram. Quando chega a esse ponto de matar por pura psicopatia nada adianta, deviam ter eram impedido o acesso deles na escola, ou ainda ver de onde vieram as armas.",Table
2019-03-13T15:27:52+0000,"""Gera√ß√£o s√≥ mal""",2166359013459197_2166429390118826,null,Table
2019-03-13T18:54:01+0000,So Deus pra nos proteger desse tipo ds gente que sai por ai matando,2166359013459197_2166554340106331,null,Table
2019-03-13T14:43:20+0000,tai Bostanaro o que acontece quando se p√µem armas na m√£o da popula√ß√£o.,2166359013459197_2166372710124494,null,Table
2019-03-13T16:02:45+0000,"Eu aposto que isso tem aver com Baleia Azul.
Pelo fato de serem adolescentes.",2166359013459197_2166470106781421,null,Table
2019-03-13T14:46:50+0000,"N√£o adianta tentarem especular o motivo, o fato √© que essa trag√©dia aconteceu e se n√£o fizermos algo a respeito vai se tornar corriqueiro como nos EUA.",2166359013459197_2166376836790748,null,Table
2019-03-13T15:25:51+0000,S√£o t√£o covardes esses monstros disfar√ßados de adolescentes que se matam.,2166359013459197_2166426763452422,null,Table
2019-03-13T15:46:24+0000,"Velhos tempos,,""faltas de umas palmadas e castigo tipo n√£o vai,n√£o sai,hoje tempos modernos os filhos podem tudo tai o resultado, deviam estar drogados infelizmente,Proibido palmadas etc...",2166359013459197_2166453040116461,null,Table
2019-03-13T18:37:58+0000,Pensamento de um demente achar que a loucuras desses dois monstros e o fato de liberar arma,2166359013459197_2166546906773741,null,Table
2019-03-13T15:36:33+0000,"Um fato triste desse e voc√™s a√≠ discutindo sobre politica...
Isso n√£o se trata de ter ou n√£o porte de arma por favor respeitem um pouco essas fam√≠lias de quem perdeu seus filhos mortos por filhos de pais incompetentes .",2166359013459197_2166439690117796,null,Table
2019-03-13T14:39:06+0000,"Essa √© a gera√ß√£o nerd, Netflix, freefire ...
N√£o procuram nada produtivo para ocupar suas mentes de debil√≥ides.
Ou ent√£o era vontade de dar o t√≥ba mesmo.",2166359013459197_2166367846791647,null,Table
2019-03-13T15:24:16+0000,"Resultado de uma gera√ß√£o sem limites, que n√£o obedece, que dita √†s ordens aos pais e respons√°veis e que n√£o pode pegar uma palmada pq as leis os protegem... Gera√ß√£o que n√£o pode ser reprimida pq fica depressiva e quer logo se matar e fazer o mal para o pr√≥ximo... √â tanto mimimimi. Pensando bem: quanto mais conhe√ßo o ser humano; mais eu gosto dos animais irracionais.",2166359013459197_2166424770119288,null,Table
2019-03-13T14:53:20+0000,"Pessoal colocando culpa em jogos √© rid√≠culo. Tem evang√©licos e cat√≥licos que matam suas esposas por exemplo, e ai,a culpa √© de deus? N√£o!
A culpa neste caso tr√°gico foi a neglig√™ncia que ocorre at√© hoje dos pais em rela√ß√£o a sa√∫de mental dos seus filhos,a omiss√£o das escolas em nunca tratar casos de bullying como um assunto s√©rio, e culpa de toda a sociedade por tamb√©m negligenciar a sa√∫de mental dos jovens,como se isso n√£o tivesse import√¢ncia.",2166359013459197_2166384706789961,null,Table
2019-03-13T14:42:32+0000,"Mostra a cara dessas imundices, quer fazer o mal invade uma penitenci√°ria e se mata com os vagabundos qu√™ tem dentro , e n√£o invadir uma escola covardes imundos..",2166359013459197_2166371893457909,null,Table
2019-03-13T15:03:41+0000,√â s√≥ fazer arminha com as m√£os... Esse √© o Brasil acima de tudo infelizmente. Lament√°vel,2166359013459197_2166399936788438,null,Table
2019-03-13T15:46:06+0000,As publica√ß√µes de voc√™s s√£o muito BAITCLICK.,2166359013459197_2166452740116491,null,Table
2019-03-13T16:05:13+0000,"Vcs que apoiam a libera√ß√£o das armas,v√£o se foderemüòÅüòÇ",2166359013459197_2166472800114485,null,Table
2019-03-13T15:49:47+0000,E √© da√≠ pra pior com esse presidente!,2166359013459197_2166456663449432,null,Table
2019-03-13T14:35:21+0000,Parem de meter pol√≠tica no meio disso seus bandos de doentes.,2166359013459197_2166362783458820,null,Table
2019-03-13T14:35:10+0000,‚ÄúAdolescentes‚Äù nada! Dois bandidos em fulga.,2166359013459197_2166362616792170,null,Table
2019-03-14T00:51:04+0000,"Realmente a quest√£o de posse ou porte de arma no Brasil √© um caso a pensar, mediante a tantas mentes oprimidas e doentes, q tem se revelado com o passar dos dias nesse pa√≠s! N√£o esquecendo q mentes doentes e oprimidas n√£o se limitam t√£o somente √† uma arma de fogo, mas tbm a machado, faca, material esplosivo e tdo o mais q cause morte. Triste issoüò¢!
#OremosPeloNossoBrasil!",2166359013459197_2166774643417634,null,Table
2019-03-13T14:33:44+0000,Dois covardes!,2166359013459197_2166360963459002,null,Table
2019-03-13T15:02:36+0000,Isso que da ficarem romantizado o massacre de Columbine,2166359013459197_2166398673455231,null,Table
