Coment√°rio,notaPositiva,notaNegativa,Sentimento
"Receba nossas newsletters e fique bem informado todo dia, o dia todo: https://www.gazetadopovo.com.br/newsletter/?utm_campaign=gazeta-do-povo&utm_medium=midia-social&utm_source=facebook",2,-1,positivo
Muito triste üò¢üò¢üò¢üò¢üò¢,1,-3,negativo
Mariana Trajano,1,-1,neutro
Horr√≠vel o video gente e desesperador,1,-3,negativo
"Grande parte disso √© culpa da m√≠dia que ficam repercutindo esse tipo de a√ß√£o que s√≥ acontecia nos Estados unidos. A m√≠dia vive desse tipo de not√≠cia, sem se preocupar em combat√™-las. A √∫nica coisa que importa √© quem chegou primeiro para mostrar a trag√©dia. √â sempre assim ""exclusivo"", ""fomos os primeiros"", ""tivemos acesso"" e por a√≠ afora.",3,-4,negativo
Jhon Ferreira,1,-2,negativo
Aninha Mazuquelli,1,-1,neutro
"Mais uma vez a lei do desarmamento mostrando ser ineficiente. Se tivesse um seguran√ßa armado no col√©gio poderia ter evitado essa trag√©dia. 
""Somente um homem bom com uma arma √© capaz de parar um homem mau com uma arma""",2,-3,negativo
pcc,1,-1,neutro
F√°tima Alvarez,1,-1,neutro
Que pa√≠s √© esse?,1,-1,neutro
A maior prova que o perigo n√£o √© o cidad√£o de bem armado e sim a facilidade que algu√©m mau intencionado consegue uma arma em qualquer biqueira,2,-2,neutro
Bolsominions v√£o sugerir armar professor com fuzil. Pelo menos agora podem ir no condoMinion comprar.,1,-3,negativo
"Atirador? Igual aqueles que praticam o esporte de tiro? Posso associar, ent√£o, esses meliantes com os praticantes de esportes, como sendo os mesmos?",1,-2,negativo
E opresso que t√£o pagando por incentivar matan√ßa fora bostanaros,1,-1,neutro
atirar em crian√ßa e f√°cil tem que fazer o mesmo com estes covardes a√ßo neles,1,-2,negativo
"Lendo certos coment√°rios a respeito da libera√ß√£o das armas, pergunto:
Se uma dessas crian√ßas fuziladas e mortas fosse filho de algu√©m de vcs, o que fariam? Receberiam os assassinos com flores?üò†üò†",3,-4,negativo
"Inaceit√°vel, lament√°vel !!!!!!!
Que.o Senhor aben√ßoe os fam√≠liares dos dois lados e que esses assassinos tenham o que merecem e sejam julgados pela justi√ßa do Senhor, que n√£o falha jamais",2,-3,negativo
tava demorando. come√ßou a doen√ßa dos americanos. que trag√©dia aonde vamos parar,1,-3,negativo
Enquanto o ex√©rcito nao tomar conta do pa√≠s vai ser assim e cada vez pior ! Nao adianta alterar leis a bandidagem vai ser cada vez mais enquanto nao tiver educa√ß√£o p√∫blica !,2,-3,negativo
‚ÄúDois assassinos semente do mal‚Äù ...,1,-3,negativo
Armas nas m√£o de cidad√£o de bem s√≥ serve para fazer merda como essa.,2,-2,neutro
"üëâüëâ E nenhum professor tinha um liquidificador para evitar a trag√©dia ? 

üëâüëâ √â s√≥ fazer arminha com as m√£os, talkey ?",1,-3,negativo
Ricardo Abraham,1,-1,neutro
PRESIDENTE BOLSONARO EST√Å MAIS DO QUE CORRETO QUANDO QUER COLOCAR MILITARES NOS COL√âGIOS P√öBLICOS.,1,-1,neutro
Mirian Bittencourtüò≠,1,-1,neutro
"Atirador????Cade o cr deles???Pelo jeito era bandido e n√£o atirador, pois atirador √© licenciado.",1,-2,negativo
Olha tem que ter policiamento na porta na entrada meu Deus que triste ver crian√ßas perdendo a vida assim,1,-3,negativo
Brasileiro imitando americano at√© nas merdas....,1,-2,negativo
Vamos ver se ir√£o investigar isso igual ao caso mariely,1,-1,neutro
üò≠ Mds onde vamos parar com tanta viol√™ncia,1,-4,negativo
Nossa....o que esta acontecendo este ano? Uma trag√©dia atr√°s da outra. S√≥ Deus mesmo,1,-3,negativo
Pelo amor de Deus...chega de misturar pol√≠tica com trag√©dia e ficar tentando ferir esquerda ou direita com a l√≠ngua...a hora e de solidariedade e ora√ß√£o pelas v√≠timas e familiares.,3,-3,neutro
"Achei estranho a galera da resist√™ncia n√£o ir l√° para os meliantes com flores, livros, pombo da paz e manifesta√ß√µes; se n√£o aparecesse algu√©m armado, esses 2 n√£o teriam parado, e ainda tem esquerdista querendo o fim da pol√≠cia e outros mais ignorantes querendo que n√£o tenham arma de fogo durante expediente de trabalho.

Se repetindo aquela vez em que entrou um armado com 2 38 numa escola, isso a esquerda n√£o fala, pois foi no governo deles.
Parab√©ns a PM e meus p√™sames aos familiares das crian√ßas e diretora",3,-3,neutro
Lindiomar Salviano Paula Santos,1,-1,neutro
Andr√©a Brasil,1,-1,neutro
"Trag√©dias como essa nos chocam, pois as escolas deveriam ser locais t√£o seguros para as crian√ßas quanto os seus pr√≥prios lares. N√£o sabemos ainda a motiva√ß√£o do ataque, s√≥ sabemos que ningu√©m merecia isso. 

Quando paramos para fazer um paralelo sobre as diversas motiva√ß√µes que levam jovens a cometer tais atos, h√° muito sobre o que conversar. Uma pesquisa realizada pelo psiquiatra norte americano Timothy Brewerton apontou que dos 66 ataques em escolas que ocorreram no per√≠odo de 1966 a 2011, 87% dos atiradores sofriam bullying e foram motivados por desejo de vingan√ßa. 

A educa√ß√£o de nosso pa√≠s est√° doente em v√°rios aspectos. Precisamos discutir!",2,-4,negativo
"Triste ,o mundo precisa de ora√ß√£o",1,-3,negativo
"Se esta not√≠cia fosse no jornal nacional,com certeza eles j√° teriam achado uma forma de ligar o crime a Bolsonaro.",1,-2,negativo
√â q ao inv√©s de colocarem os guardas municipais para proteger as escolas preferem deix√°-los nas ruas para ficarem multando os carros e assim arrecadarem mais grana para o DETRAN.üò†üòì,3,-2,positivo
"""Morreram pelo menos cinco crian√ßas mortas e a diretora da escola. "" ""Os atiradores, que seriam adolescentes, tamb√©m est√£o mortos.""",1,-4,negativo
MiseRicOCorDia Deus!,1,-1,neutro
Se houvessem seguran√ßas armados n√£o teria acontecido a trag√©dia.,2,-3,negativo
Jesus misericordia de n√≥s,1,-1,neutro
"e n√£o foi com um liquidificador.
esse √© o Brasil que vcs escolheram nas urnas",1,-1,neutro
"Deveria ter seguran√ßas nas escolas,para proteger alunos , professores e funcion√°rios üò™üôèüôè",2,-2,neutro
Miseric√≥rdia,1,-1,neutro
"Por mais educa√ß√£o, amor √† P√°tria e a Deus!",3,-1,positivo
Senhor!!!,1,-1,neutro
Atirador ou √© esportivo ou de elite. O nome que se d√° pra quem faz isso √© BANDIDO!,1,-2,negativo
√â assassino.,1,-2,negativo
"Minha cidade, que trag√©dia",1,-3,negativo
Olha isso Danilo Tanferri que judia√ß√£o,1,-1,neutro
"S√£o 8 mortos
Passando agora
Atiradores morto tb",1,-4,negativo
Que tristeza meu deus!,1,-3,negativo
√ì mundo t√° perdido,1,-2,negativo
Ataque terrorista! Triste+,1,-4,negativo
come√ßo a ver vantagens em ter aula em casa...Meu Deus!,1,-1,neutro
N√£o √© um pa√≠s que deixaram para.ser arrumado...entenda que tudo estava por debaixo dos panos...,1,-1,neutro
Meu Deus ! Estamos nos fins dos tempos ...,1,-1,neutro
Qtas trag√©dias em S√£o Paulo!!Vamos rezar por tdos de l√°!!üò¢,1,-3,negativo
üëâüëâüëâConhecereis a verdade e a verdade vos liberta-r√° lembra da campanha das arminhas.,2,-1,positivo
Meu Deus Que tristeza for√ßa para estes paisüò¢üò¢,3,-3,neutro
misericordia meu Deus,1,-1,neutro
Qta tragedia chuvas agora isso,1,-1,neutro
Meu Deus üôèüèªüò¢,1,-1,neutro
Lucas Camargo olha que merda,1,-2,negativo
"Governo precisa colocar os soldados na rua ,chega de tanta viol√™ncia...",1,-4,negativo
A diretora da escola morreu,1,-1,neutro
Como se louco e bandido precisasse de lei para segurar seu dedo no gatilho...üòâ,2,-2,neutro
"Meu Deus ! que tristeza , meus sentimentos a essas fam√≠lias que perderam seus filhinhos num ambiente onde jamais deveria ter viol√™ncia. üò™üò™üò™üò™üò™",1,-4,negativo
Senhor olhai para nosso povo quantas tristezas,1,-3,negativo
"Meu filho cometeu bullying com outro coleguinha na sala de aula no ano passado
Quando fiquei sabendo eu fui at√© a escola,interrompi a aula de artes chamei meu filho e o coleguinha que sofre de diabetes e por isso n√£o pode comer doces e meu filho debochou dele
Fiz ele se retratar na frente dos colegas e dei o maior discurso pra turma
Eles ouviram calados,a prof me agradeceu e ele n√£o recebeu mais bilhetes da escola 
Acho que falta di√°logo 
Mas eu sofri numa escola que estudei e nem por isso sai matando os colegas",2,-4,negativo
"Eu sofri com bullying por boa parte da minha vida, num tempo onde essa palavra nem existia. N√£o sa√≠ matando ningu√©m, nem entrei em depress√£o. Isso √© da √≠ndole de cada um. Se voc√™ √© fraco e se deixa levar pelo que dizem, realmente o problema √© voc√™. A vida n√£o √© um moranguinho. Hoje voc√™ cai, amanh√£ levanta e cai de novo. Assim caminha a humanidade. Hoje √© criticado e amanh√£ √© aplaudido. Levanta essa cabe√ßa e segue a sua luta. Cada um nasce com um destino e com um prop√≥sito. Ningu√©m carrega fardo mais pesado que se possa suportar.",2,-4,negativo
Sofria bulliying ... Foi demitido da empresa do tio porque cometia furtos parem de achar desculpas para pessoas com desvio de car√°ter !,1,-4,negativo
"Melhor texto que j√° li sobre o acontecimento de ontem.

Autor: Padre F√°bio de Melo

""Cansado e perplexo com tantas baboseiras e falsas justificativas pras atrocidades que ainda nos surpreendem todos os dias...

Os meninos n√£o mataram porque o porte de arma √© um projeto do atual governo. Os meninos n√£o mataram porque jogavam jogos violentos.Os meninos n√£o mataram porque a escola foi omissa. Os meninos n√£o mataram porque sofreram Bullying...

Eles mataram porque as fam√≠lias est√£o desestruturadas e fracassadas, porque n√£o se educa mais em casa, n√£o se acompanha mais de perto, a tecnologia substitui o di√°logo, presentes compram limites, direitos e deveres e n√£o h√° o conhecimento e respeito a Deus.
Precisamos parar de nos omitir, de transferir culpas. A culpa √© minha, √© sua, de todos n√≥s!
"" A viol√™ncia √© o desdobramento de car√™ncias afetivas, da necessidade de ser visto e notado, ainda que da pior maneira""

As armas n√£o matam, o que mata √© a aus√™ncia de AMOR!!!",3,-4,negativo
A maioria dos pais n√£o pegam nem o caderno do filho nas m√£os v√£o conversar com ele ?,1,-3,negativo
"S√≥ quem sofreu de bullying sabe.. 
Ninguem t ouvir. Nem escola, nem professor..nem fam√≠lia. Eu que sei...
Eu nunca pensei numa coisa desse tipo por√©m chorava pois tinha q ir para a escola. Era muita humilha√ß√£o. Frases, apelidos, chutes..
Meu pai foi ate a casa da familia para o menino tomar jeito e n√£o resolveu.
(Anos e anos depois)
S√≥ fiquei feliz sim qndo ele morreu no acidente de trabalho kkkkkkkkkk 
Por Deus q eu n√£o queria sentir isso mas sabe q me deu um al√≠vio?pelo menos ele nao se reproduziu!!
Pais cuidem de suas crian√ßas!!!",3,-4,negativo
"Educadores enfrentam todo dia diversos tipos de bullying, inclusive sofrem das fam√≠lias da comunidade. Algu√©m para socorrer educadores???",2,-4,negativo
"N√£o existe crian√ßa dif√≠cil, o dif√≠cil √© ser crian√ßa em um mundo de pessoas cansadas, ocupadas, sem paci√™ncia e com pressa.",1,-2,negativo
Esta faltando educa√ß√£o de casa. O respeito pelo ser humano e irm√£o. Isso √© a chave para o sucesso!!Colocarem Deus no cora√ß√£o dos filhos e amor ao pr√≥ximo!!!üôèüôèüôè,3,-2,positivo
"Quem praticar bullying deve ser punido, nas faculdades quantos calouros morrem por serem trote e fica por isso mesmo",1,-2,negativo
"Bullying,sempre existiu,embora com outro nome . Contudo,os resultados jamais se aproximaram dos de hoje. Fatores dispersos e complexos contribuem para rea√ß√µes imprevis√≠veis. Al√©m,claro,adolesc√™ncia ser a fase crucial do ser humano.",1,-2,negativo
"Palavra correta √© a falta de respeito com seu pr√≥ximo, aprendendo dentro de casa com seus pais, palavrinha m√°gica n√£o fa√ßa com os outros oque vc n√£o gostaria que fizesse com vc",3,-2,positivo
"Engra√ßado, hoje em dia inventaram este tal ""Bullyng"",muitas das causas que acontecem nas escolas, ou at√© mesmo fora dela com os jovens, a desculpa √© o bullying. Eu n√£o acho que seja isso, porque antigamente tinha este mesmo tipo de brincadeira nas escolas, eu mesma j√° sofri com isso com outros colegas, e estou aqui. O problema n√£o √© o bullying, ou melhor como era chamado no meu tempo ""folga√ß√£o"" dos colegas, e sim a estrutura familiar, o afeto dos pais com seus filhos, a educa√ß√£o come√ßa dentro de casa. 
Na minha humilde opini√£o, os culpados s√£o os pr√≥prios pais. Enquanto n√£o existir mais aten√ß√£o, amor, nao ensinarem o que √© respeitar o proximo, nada vai mudar.",3,-4,negativo
"H√° uma declara√ß√£o de um amigo do atirador dizendo que ele n√£o sofria bullying, ele fazia bullying!",1,-4,negativo
E quem nunca sofreu bullying? Vivemos em um pa√≠s cheio de preconceito n√£o √© motivo pra sair por a√≠ tirando vidas de pessoas inocentes.,2,-4,negativo
"Levem seus filhos Crian√ßas e adolescentes para a igreja, n√£o existe igreja perfeita (Fa√ßam isso por eles) 

O que faltou nos cora√ß√µes nos 2 meninos foi JESUS! Por anos eles carregaram m√°goas e √≥dio do tempo da escola, se eles tivessem um acompanhamento com pessoas do bem, ensinando-lhes valores e amor a vida e ao pr√≥ximo, jamais haveria acontecido isso!",3,-4,negativo
"Essa hist√≥ria de bullying at√© pode existir, mas n√£o me convence com essa not√≠cia. No meu tempo de escola essa palavra nem existia, talvez fosse conhecida como ""provoca√ß√£o"", ""ofensa"" enfim... Mas para mim o fator que mais pesa nessa quest√£o √© a educa√ß√£o familiar e governamental.",1,-3,negativo
"Pais devem educar seus filhos sobre o respeito √†s diferen√ßas. Escola deve dar continuidade, pois o bullying deve sim ser trabalhado, nada justifica sobre o caso ocorrido, mas devemos estar atentos e sabermos lidar com as devidas situa√ß√µes.",3,-2,positivo
E quando o bullying vem das pr√≥prias professoras? Acabei trancando meus estudos no √∫ltimo ano por causa de duas professoras. Mas nem por isso sai matando todo mundo.,1,-2,negativo
"Sim , mas cada caso √© um caso , pessoas s√£o diferentes e bullying tem de v√°rios n√≠veis 
Ent√£o √© melhor ensinar as pessoas a aceitar as diversidades e as minorias e n√£o acabar com elas",2,-1,positivo
"√â muito dif√≠cil a crian√ßa contar para os pais o que acontece com medo de que os pais o repreendam. E hoje em dia, dif√≠cil ver os pais dando aten√ß√£o aos filhos por causa do trabalho e outros afazeres.",2,-3,negativo
Nao foi por causa do bulling...foi maldade mesmo....70% ou mais das minhas turmas do colegio sofriam bulling...so q todo faziam com todos...ninguem matou ninguem...os dois eram pesssoas ruins mesmo...com maldade...,1,-4,negativo
"O ser humano √© cruel. Desde os tempos de minha v√≥ que faleceu ano passado aos 96 anos , j√° o buling deixava suas marcas, descobri a pouco o apelido que colocaram nela a qual a deixava bastante chateada, ela me contou tantas passagens da √©poca de escola, mas isso n√£o me relatou, acho que tinha vergonha, descobri somente agora , me contaram qye sofreu muito. Imagina!!! Numa pacata cidade do interior. Temos que educar nossas crian√ßas a n√£o colocar apelidos nos colegas, ningu√©m gosta disso.",3,-4,negativo
nos pa√≠s devemos ser exemplos para nossos filhos. muitas vezes os pais n√£o tem o conhecimento da vida do filho de como ele vive em meio a sociedade. a escola √© o aprendizado para a vida educa√ß√£o come√ßa em casa.,3,-2,positivo
Eu sofria na escola e os professores nunca fizeram nada. Ainda me encaminhavam por SOE.,1,-4,negativo
"Se fosse um menino negro da favela, a gente n√£o estaria discutindo bullying, e sim a redu√ß√£o da maioridade penal e o abate atrav√©s de snipers muito bem treinadosü§îü§îü§î",2,-2,neutro
"Eu tamb√©m sofri muito bullying , na minha √©poca n√£o existia esse nome, se dizia inticar, a gente reclamava para a professora e ficava por isso mesmo, e na sa√≠da da escola eu sempre me defendia. E nem por isso , n√£o matei ningu√©m e n√£o fiquei com mimimi, porque hoje tem muita liberdade e pouca obriga√ß√£o e n√£o tem vergonha na cara. Tratam tudo como coitadinhos uns cara com barba na cara.",3,-4,negativo
Socializar a responsabilidade pessoal que cada um dos jovens teve aos assassinar outros n√£o √© o ideal.,1,-2,negativo
Educa√ß√£o brasileira nos √∫ltimos lugares no planeta esperar o que? Militares j√° nas escolas.,2,-1,positivo
"Ser√° que a m√£e dele foi at√© a escola conversar com a dire√ß√£o para expor o problema e consequentemente tentar resolver a situa√ß√£o? Acredito que n√£o. Infelizmente a fam√≠lia brasileira,n√£o generalizando, deixou para a escola resolver esse tipo de situa√ß√£o e o resultado est√° no que o pa√≠s inteiro viu...",2,-3,negativo
Nos anos 90 nas escolas p√∫blicas tinha psic√≥loga para atender certas situa√ß√µes.,1,-1,neutro
educa√ß√£o por parte dos pais em respeito ao pr√≥ximo...coisas que as crian√ßas escutam e seguem exemplo dos pais...por isso tamb√©m n√£o h√° mais respeito ao professor.,3,-2,positivo
"Educar os filhos p respeitar os outros e as diferen√ßas √© a melhor maneira de evitar o bullying, minha filha t√™m 6 anos e sempre conversamos sobre isso, a uns dias atr√°s veio me falar de uma crian√ßa que √© especial e at√© ent√£o ela n√£o convivia com crian√ßas especiais na nova escola t√™m eu expliquei td e disse que Deus fez cada um do seu jeitinho e que devemos respeitar as diferen√ßas de cada pessoa at√© quando a gente olha um filme se t√™m algo a respeito a gente discute sobre o assunto, mais tbm ensino ela a me contar se algo ou algu√©m est√° encomendando ela sempre digo se acontecer a gente juntas vai tentar resolver sei que nem tds as crian√ßas t√™m a mesma instru√ß√£o em casa e ensino a n√£o dar import√¢ncia p td pq eu disse pra ela que existe pessoas que gostam de te ver triste e se tu n√£o d√° import√¢ncia n√£o vai ter gra√ßa te incomodar",3,-3,neutro
Eduardo Oliveira tens raz√£o. Logo estar√£o culpando a escola e os professores.,1,-3,negativo
"Cada vez que acontece uma tragedia querem discutir sobre tema temos sim que voltar ao passado educar as crian√ßas em casa,ensinar a respeitar o proximo dar mais aten√ßao as crian√ßas conversar mais.",3,-3,neutro
"Hoje √© assim "" meu filho tem intoler√¢ncia √† lactose """" no meu tempo bebia leite direto do teto da vaca, ""meu filho sofre bullying"" ,no meu tempo era provoca√ß√£o e apelidos, ""meu filho tem trauma "" , no meu tempo tinha Era servi√ßo, ora bolas o mundo vai de mal a pior.",1,-4,negativo
"Assist√™ncia primeiro para quem faz o bullying contra o outro, a√≠ esta a raiz do problema.",1,-2,negativo
"Eu sofri bullying e n√£o matei ou matarei algu√© por isso. Isso tudo √© reflexo de uma sociedade desestruturada na base familiar, falta de valores e espiritualidade.",2,-4,negativo
"O que precisa ser proibido por lei, √© o acesso a v√≠deos violentos no Brasil, assim como √© proibido os filmes pornograficos para menores de 18 anos! Estimula a prostitui√ß√£o nas escolas e a culpa √© dos pais, estimula a viol√™ncia nos v√≠deos games e a culpa √© o bullying! Ora para com isso!",1,-4,negativo
"Tem tempo s√≥ isso. N√£o ocupam a cabe√ßa com nada, saem fora da realidade. Passam o dia jogando a os pais n√£o falam nada. Pagam uma fortuna de luz.... N√£o tem servi√ßo no corpo, n√£o fazem nada!",2,-3,negativo
Procurando justificativas para criminosos ZH ou plantando atenuante?,1,-1,neutro
Deveria ter uma reuni√£o com todos os jovens e falar pra eles que se acontecer qual quer coisa devem ir at√© algu√©m na escola e pedir ajuda,1,-3,negativo
"No meu tempo nada disse existia e minguem morreu, isso tudo falta de educacao e descaso dos pais com os filhos",1,-2,negativo
"Infelizmente os educadores n√£o sabem lidar com o bullying, n√£o d√£o tanta import√¢ncia.....",1,-3,negativo
"Bullying jamais acabara por que sempre existiriam pessoas com intu√≠do de diminuir os outros por sua apar√™ncia por ser careca,cabeludo,gordo ou magro pois muitos acham que pra ser da sociedade √© necess√°rio ter um padr√£o beleza para se enquadrar na sociedade. Da mesma forma que sempre existiria descrimina√ß√£o racial e por op√ß√£o sexual. √â natural do ser humano se achar superior por sua apar√™ncia f√≠sica ainda mais com as vitrines de hj como Facebook e Instagram.",3,-2,positivo
"Existe lei estadual, mas as escolas ignoram essa lei , ao mesmo tempo essa atitude.",1,-3,negativo
E os dois n√£o tinham Deus na suas vidas.,1,-1,neutro
Em alguns casos o professor at√© ri tamb√©m emmm,2,-1,positivo
meu cachorro ta sofrendo bullying na rua oq devo faser...,1,-4,negativo
Por educadores? Novamente querendo empurrar um papel da fam√≠lia para a escola. Isso n√£o √© responsabilidade de professor. √â dever √∫nico dos pais e n√£o deve ser compartilhado.,3,-2,positivo
"Foi publicado nos sites que os alunos atiradores eles sofriam bullying e foram expulsos da escola! Os educadores, psic√≥logos, pedagogia sabem que n√£o se expulsa alunos de escolas, n√£o se castra o futuro de gente jovem, n√£o √© poss√≠vel que os profissionais da educa√ß√£o n√£o tem habilidade para reparar a conduta , comportamento, h√°bitos! O limite √© importante nas escolas! Est√° na constitui√ß√£o Federal do Brasil üáßüá∑, o direito das crian√ßas estudar, ainda mais quando se toca em escolas p√∫blicas!",1,-4,negativo
Ele praticava bullying. Informe-se,1,-1,neutro
Lembrando que o caso de Suzano n√£o tem rela√ß√£o aparente com o assinto.,1,-1,neutro
Assist√™ncia social nas escolas.,1,-2,negativo
Exatamente isso sei bem como √© isso sofro at√© hoje,2,-4,negativo
Saudades da minha inf√¢ncia que n√£o tinha nada disso,1,-3,negativo
"Que existe bullying em algumas escolas isto √© fato, mas n√£o justifica sair por a√≠ atirando nas pessoas...
As escolas precisam sim ficar mais atentas nisto,dar import√¢ncia, pq √© s√©rio e pode provocar traumas nas crian√ßas e at√© na adolesc√™ncia...
√â sim algo para ser tratado com mais seriedade, bullying n√£o √© engra√ßado e √© crime !!!",2,-4,negativo
https://exatanews.com.br/estadao-pressiona-site-frances-apagar-materia-e-jornalista-jawad-rhalib-confirma-veracidade-da-denuncia-e-acusa-censura-714288,1,-1,neutro
"eU N√ÉO ENTENDO, REALMENTE NAO ENTENDO..... EU ERA PEQUENA E TINHA V√ÅRIOS APELIDOS....NA √âPOCA ERA TUDO BRINACDEIRA.... HJ SAEM MATANDO....E EU N√ÉO MATEI NINGU√âM...PLAHA√áADA.",1,-2,negativo
"√â muito importante que tanto os pais quanto os professores parem de tratar o bullying como ""coisa de crian√ßa"", principalmente os pais.",2,-2,neutro
Bullynk e conseguencia da falta de respeito de filhos que aprendem em casa vendo seus pais fazerem,3,-2,positivo
Sofri o q modernamente chamam bullying. Era um horror ir pra escola e nunca senti vontade de matar ningu√©m.,1,-4,negativo
Na minha √©poca de colegio .a folgacao era sem fim. Folgacao virou bullying. Novos tempos,1,-1,neutro
Dos pais???,1,-1,neutro
"A escola √© um ambiente em que um deve respeito com o outro e a escola deveria ter normas e regulamentos a ser seguido, o que a crian√ßa faz em casa n√£o pode fazer na escola! J√° ouvi de educadores que o aluno tr√°s de casa o car√°ter de debochar dos colegas, no entanto, a escola deverias deixar bem claro aos pais e alunos: AQUI N√ÉO! Temos normas e regulamentos a ser seguido e o alunos t√™m que aceitar a regras, mas as escolas n√£o priorizam a valoriza√ß√£o do car√°ter!",3,-2,positivo
Os processo n√£o est√£o preparados para lidarem com bullying muito menos ad escolas tem profissionais capacitados pra isso como psic√≥logo psicopedagoga imaginem que n√£o h√° profissionais pra atender alunos com autismos incapacidade intelectual que s√£o obrigados a irem para escola para socializar e esses sim sofrem muito bullying imaginem pra lidar com psicopatas isso √© t√£o verdade que na escola n√£o observaram que esse ex aluno tinha problemas e nao encaminharam ele pra atendimento alias nem a familia percebeu que o adolescente estava em crise isso foi um massacre causado pelo descaso da familia com os atiradores da escola por n√£o interromperam o ciclo do bullying do governo por n√£o proporcionar infra-estrutura e seguran√ßa e esses dois atiradores de cabeca completamente transtornada,2,-4,negativo
Parece o Murilo na foto Betty Linden,1,-1,neutro
Parab√©ns pela reportagem!!!,1,-1,neutro
"N√£o confundam psicopatia e maldade com bullying. O bullying serve de muletas para pessoas q j√° vem com uma √≠ndole ruim. Se tds sofrem bullying tomassem a mesma atitude ou parecida seria uma carnificina por dia. Eu mesma sofri anos de terr√≠veis atos de bullying e hj sou uma pessoa de bem, amo ao meus semelhante, respeito os animais e jamais causaria dor a algu√©m para amenizar a minha.",3,-4,negativo
"Luto nacional!!!
Agora todos ficam querendo saber o motivo de tanta viol√™ncia...
Ser√° que no fundo j√° n√£o sabemos???
Os pais n√£o s√£o mais autoridade para seus filhos;
Os professores n√£o s√£o mais autoridade para seus alunos;
Vivemos dias de liberdade ampla e sem restri√ß√µes onde tudo √© liberado e permitido;
Somente direitos, direitos, direitos, nada de deveres ou cobran√ßas;
Hino ou bandeira √© ofensivo, disciplina e hierarquia √© tortura; 
Baile funk √© cultura, onde jovens usam drogas, fazem sexo na rua, perturbam o sossego das pessoas e o direito de ir e vir, mas se a pol√≠cia impedir √© repress√£o;
Jogos de v√≠deo game onde se ganha ponto roubando ou matando velhinhos ou policiais, e achamos tudo isso legal e normal;
Lei da palmada;
Ser√° que n√£o sabemos mesmo o motivo dessa barb√°rie???
Ou vamos continuar procurando uma resposta que j√° est√° expl√≠cita!?",3,-4,negativo
Alexandre Nunes viu so pq temos que falar,1,-3,negativo
"Essa hist√≥ria de bullying a gente faz em casa todo dia....vai comer seu magricela para de comer tanto seu gorducho vai tomar banho seu porquinho. 
Cobrar o educador por isso √© s√≥ sofrimento para os dois lados.",2,-4,negativo
"Sou educadora, nunca permiti q alunos cometessem bulyng com os colegas...Na minhas aulas, isso n√£o acontece...",1,-2,negativo
Paty Oliveira Paty olha s√≥ amiga...,1,-1,neutro
Karolline Silveira Paz Di√°rio de Bordo üòÇ,1,-1,neutro
Nada justifica o que eles fizeram.,1,-1,neutro
Franciele Severgnini,1,-1,neutro
Jo√£o Henrique Moraes Vinicius Morelli,1,-1,neutro
"Paulo esgoto, aspirina, chanceler eram amigos meu era apelido hoje em dia isso seria bullying ainda tem o gata cega e o m√£e solteira",1,-2,negativo
E facil e so ensinar respeito pro seu filho e a si defender vem si ariar si areia mais ainda pronto,3,-1,positivo
Jo√£o Pedro Gadini Dahne,1,-1,neutro
Pouco tempo atr√°s era apelido agora √© bullying e ainda sai matando. Bullying n√£o √© desculpa para sair matando. Minha opini√£o.,1,-2,negativo
"No meu tempo o esculacho era resolvido na sa√≠da, no soco!
As vezes no tijolo se tivesse uma pilha por perto!üòéüòéüòéüòé",2,-2,neutro
"com toda a certeza que deve ser combatida o bullyng. Mais o que aconteceu em S√£o Paulo, n√£o foi bullyng foi terrorismo",1,-3,negativo
Vitima da sociedade.....,1,-1,neutro
Na minha √©poca isso era resolvido na sa√≠da ...merthiolate parou de arder deu nisso,2,-2,neutro
"Est√° ai uma pauta e ""gastos"" bem aplicado na m√≠dia do combate ao bullyng feito pelo MEC!",2,-2,neutro
"Mas segundo o governo professor √© folgado e s√≥ serve para doutrinar ,agora ainda querem colocar armas nas nossas m√£os ,vai entender a gente j√° √© Bab√°, psic√≥logo, padre, as vezes pai e m√£e e Agora detetive ,fora a pecha de doutrinador do senhor presidente onde a maioria que nem entrou dentro de uma escola s√≥ reproduz como ventr√≠loquo transloucado,enfim sempre estamos atentos a imensos problemas dentro da sala de aula , bullying, abusos etc",3,-2,positivo
Bullying...,1,-1,neutro
Que idiotice. Bullying n√£o mata ningu√©m. Quanta besteira.,1,-3,negativo
"Nada justifica, esse massacre !",1,-2,negativo
"Outros pa√≠ses chamam de TERRORISMO, mas no pa√≠s do vitimismo fizeram porque sofriam ‚Äú bullying ‚Äú....um ‚Äúguri ‚Äú de 17 anos e um marmanjo de 25...",1,-4,negativo
"No meu tempo d Col√©gio,sofri bullying!
N√£o me tornei assassino!
Procurava resolver a situa√ß√£o na hr mesmo!
Xingava a m√£e e resolvia no soco!
Hj ensinam as crian√ßas √† que???
Contar pros outros
Fa√ßa-me o favor n√©!!!
Criaram uma gera√ß√£o d fresquinhos 
Q qualquer coisinha causa ""sofrimento""!
Mimizentos dando li√ß√£o d moral em 3,2,1...",2,-4,negativo
"haaataaa...eu sempre fui chamada de 4 olhos por usar √≥culos ,de Olivia palito por ser muito magra fora outros apelidos e n√£o sai matando ningu√©m e nem tive depress√£o por isso, gera√ß√£o mimimi ..
Isso s√£o pais e fam√≠lias desestruturadas que pegam seus filhos e jogam no mundo fazendo com que se criem do jeito que for, tem pregui√ßa de dar aten√ß√£o ao filhos e educar como tem que ser.",2,-3,negativo
Bullying √© a nova desculpe de mimados tornarem-se bandidos? Gera√ß√£o mimimi,1,-2,negativo
"Na minha √©poca tinha bulyng e n√£o dava nada, ali√°s dava: nos deixava mais fortes...essa gera√ß√£o Nutella √© muito fraca, s√£o criadas a √°gua doce.",2,-2,neutro
"Eu sofri v√°rios tipos de bullying na escola me criei traumatizado era pobre feio dente podre tudo que tinha de errado acontecia comigo nem por isso saio matando todo mundo essa gera√ß√£o anos 2000 √© muito mimimi poxa, gera√ß√£o boa √© minha nos anos 84 era √©poca boa frequentei escola pela primeira vez com 7 anos n√£o tinha essa porcaria de mimimi poxaa",2,-4,negativo
"Pais t√™m que educar. T√™m que dar limite. T√™m que dizer n√£o. Pais n√£o s√£o amiguinhos dos filhos. O que falta pra essa gera√ß√£o √© palmada, merthiolate e n√£o! Porque se n√£o crescem esses retardados que, na primeira pancada da vida, n√£o t√™m suporte emocional.",2,-2,neutro
"Nossos tatarav√≥s sofriam bullying e nunca executaram seus colegas! O que falta √© comprometimento dos pais com a educa√ß√£o dos filhos. Hoje em dia √© muito mimimi: isso n√£o pode, aquilo n√£o pode, vai traumatizar o coitadinho...Gra√ßas aos castigos e √†s palmadas que levei quando crian√ßa, sou uma pessoa educada, emp√°tica e agrade√ßo aos meus pais por isso.",2,-4,negativo
Eu enfrentava o meu no soco dae os agressores bullynistas pararam kkk,2,-2,neutro
"Bullying √© CRIME!!!
Expulsem quem pratica essa barbaridade,pois passar a m√£o na cabe√ßa desses marginais n√£o adianta nada.
Praticou bullying, expuls√£o!
Simples.",1,-3,negativo
"Agora tudo √© desculpa, depois que inventaram esses t√≠tulos rid√≠culos, est√£o √© alimentando uma sociedade retardada e bandida!!!",1,-3,negativo
"Ensinem seus filhos a se defenderem,na hora h papaizinho e mamaezinha nao estao presentes pra proteger seus filhos",1,-1,neutro
"Pra come√ßar n√£o chamaria de autor, mas de monstro, outra coisa sofri muito no meu tempo de escola, e nem por isso sa√≠ matando as pessoas.. Parem de achar alguma justificativa, os monstros eram ruins mesmo",1,-4,negativo
"Tem um monte de gente que sofre bullying (negros, lgbts) e n√£o sai atirando por a√≠...",1,-4,negativo
"Eta gera√ß√£o do mimi,mimi e mimi, a m√≠dia dele que dele manipular a popula√ß√£o e os idiotas caindo. T√° na hora de levantar a cabe√ßa do celular e viver em sociedade. Muito Triste tudo isso que t√° acontecendo.",3,-3,neutro
Na minha √©poca quando incomodava na escola seja desrespeitando professor debochando de colegas se metendo em brigas a gente era expulso tomava uma boa surra em casa e tinga muita dificuldade pra conseguir vaga em outra escola hj n√£o pode fazer nada pra repreender os alunos na escola eles fazem bullying ate com processores,3,-2,positivo
"Sofri bullying da primeira at√© a quarta s√©rie e n√£o sou revoltada, nunca bati em ningu√©m, n√£o tenho odio ,n√£o tive vontade de invadir minha ex escola e fuzilar ningu√©m , fui criada pra ser forte e n√£o bunda mole que nem essa gera√ß√£o de hoje!! A falta de respeito mascarada de bullying √© responsabilidade dos pais!! Eduquem seus filhos!!",3,-4,negativo
Pura Palha√ßada antigamente n√£o exestia nada disso...Virou modinha dos americanos e o mundo inteiro aderiu..,1,-2,negativo
"n√£o foi o bullying, eu sofri bullying na escola e nunca passou pela minha cabe√ßa fazer qualquer tipo de atrocidade! Esse inseto era um monstro, e ponto. N√£o existe justificativa, nao adianta culpar o bullying ou isso ou aquilo, a culpa √© exclusivamente de quem puxou o gatilho! O cara era mau! Levou arma, machadinha e uma besta!!!!! Ele se divertiu fazendo o q fez. Parem de tentar achar desculpas para isso! Quando se nasce podre n√£o h√° nada que ajeite!",2,-4,negativo
"Que BOBAGEM, o bullying n√£o √© motiva√ß√£o para isso, quem faz algo relativo tem maldade no car√°ter e personalidade, no caso acho mais f√°cil pelo descaso dos pais e por serem drogados, √© n√£o falo de maconha s√≥.",1,-3,negativo
A culpa √© dos pais criaram mal tudo pode agora querem culpar o bullying engra√ßado sempre tem que ter um culpado pela incompet√™ncia de uma cria√ß√£o errada,3,-3,neutro
"Acho interessante essa palavra bullying no meu tempo se folgava em tudo no fedorento no 4 olhos boca de lata gorda baleia seco branquelo donkey kong ningu√©m se chamava pelo nome s√≥ pelo apelido eu n√£o gostava do meu mas fazer o que era parte, at√© quem tinha defici√™ncia tinha apelido, acho que se perdeu tudo hoje tudo pode hoje tudo √© bonito hoje tudo √© legal, mas vir aqui dizer que o retardado saiu de casa pra matar pessoas por que algu√©m chamou ele de algo ahhh por favor como sempre querendo arrumar outra coisa pra culpar, o guri tinha problema era um retardado tem gente que tem isso fazer o que! Mas agora dizer que foi o bullying foi falta de porrete no lombo quando era crian√ßa! Volto a dizer est√° tudo perdido !",3,-3,neutro
"gera√ß√£o de jovens fraca e muito sens√≠vel ,tudo √© preconceito ou bullying ,nossa √©poca n√£o existia tanta frescura como agora......",1,-2,negativo
Nada justifica esse massacre,1,-2,negativo
Ata agora piada √© motivo pra matar pessoas?,1,-3,negativo
"A culpa √© do agressor sempre, parem de arrumar desculpas.",1,-2,negativo
N√£o me venham com chorumelas. Eram assassinos!,1,-2,negativo
"Vai se tratar m√≠dia doente , diabolica",2,-2,neutro
Q piada. Zh esquerda. Bandido mesmo!,1,-3,negativo
Gera√ß√£o de frescos,1,-1,neutro
"Ata, v√£o vimitizar o psicopata?",1,-3,negativo
"N√£o se trata de bullying, e sim de pais ausentes e falta de limites.
E tudo se deve a essa baboseira de ‚Äúpoliticamente correto.‚Äù",2,-2,neutro
"Quem pratica bullying tem que ser separado dos outros alunos ,deixa um m√™s longe dos outros que s√£o bonzinhos que a√≠ para de fazer bullying ,e vai explicando o porque que ele est√° separado dos outros alunos j√° que os pais n√£o ensinan a educa√ß√£o em casa ent√£o fazer isso j√° que n√£o pode da uns tap√£os em piazada mal educada !!!",1,-3,negativo
"Se todos que sofressem bullying na vida saissem matando por a√≠,metade da popula√ß√£o do planeta j√° n√£o existiria mais.Os caras eram psicopatas,portanto parem de querer amenizar arranjando motivos e desculpas para o que fizeram.Eles eram psicopatas monstro e ponto",3,-4,negativo
